capability_id,surface,capability,current_owner,source_path,api_or_schema,feature_flag,offline_behavior,release_evidence,missing_dependency,current_source,user_reachability,automated_proof,deployed_match,device_loaded,real_field_validation,notes
REL-01,Home,"Release identity marker","client release UI","app/src/components/OtaBadge.tsx:347","EAS update manifest; runtimeVersion 0.2.6","none","cached OTA semantics only","O56 published; update ID known","ordinary update ID/backend schema display and release receipt",YES,YES,PARTIAL,YES,UNKNOWN,UNKNOWN,"EAS publication is not device loading"
AUTH-01,Auth/Onboarding,"Independent account sign-up/sign-in/onboarding","client auth store + backend auth","app/src/screens/AuthScreen.tsx; backend/src/routes/auth.js","/api/auth/*; users","none","token/account cache supports limited offline boot","backend healthy; source versions diverge","current-release device and field proof",PARTIAL,YES,PARTIAL,PARTIAL,UNKNOWN,PARTIAL,"historical device evidence is not O56 proof"
ACT-01,Hike,"Record and save hiking Activity","Activity store/services + sessions backend","app/src/store/useTrackingStore.ts","/api/sessions; sessions","production simulator disabled","durable WAL/recovery/eventual sync","focused tests; O56 deployed client; backend current identity known","exact O56 device and current NZ field evidence",YES,YES,YES,PARTIAL,UNKNOWN,PARTIAL,"older real field corpus only"
ACT-02,Run,"Record and save running Activity","Activity store/services + sessions backend","app/src/screens/RunningScreen.tsx; app/src/store/useTrackingStore.ts","/api/sessions; sessions","production simulator disabled","durable WAL/recovery/eventual sync","same release boundary as Hike","exact O56 device and current NZ field evidence",YES,YES,YES,PARTIAL,UNKNOWN,PARTIAL,"older real field corpus only"
ACT-03,"Activity Detail","View finalized Activity and own nearby Cairns","session store + MapHistory","app/src/screens/MapHistoryScreen.tsx:919","/api/sessions/:id; markers","none","cached local summaries/geometry boundaries vary","current source and O56 strings inspected","physical-device journey proof",YES,YES,PARTIAL,PARTIAL,UNKNOWN,UNKNOWN,"legacy dormant branches do not create an All Cairns surface"
MEM-01,Memory,"Personal Activity-to-Memory evidence","Memory evidence boundary/store","app/src/features/memory/services/recordMemoryEvidence.ts; app/src/store/useTrackingStore.ts:4191","/api/memory/points; memory_points","none","local persistence plus sync","focused tests and current source; deployment partial","persisted source provenance and current device/field proof",YES,YES,YES,PARTIAL,UNKNOWN,PARTIAL,"source enum is not persisted per point"
MEM-02,Memory,"Passive foreground auto-unlock","PassiveMemoryRecorder","app/src/features/memory/components/PassiveMemoryRecorder.tsx:20","/api/memory/points; memory_points","user setting; simulator profile","local point persistence plus sync","source/O56 capability present","persisted real-vs-sim provenance and field proof",YES,YES,PARTIAL,PARTIAL,UNKNOWN,UNKNOWN,"preview/dev simulator can create indistinguishable passive points"
MEM-03,Settings,"Explicit personal Memory reset","Settings + memory API","app/src/screens/SettingsScreen.tsx; backend/src/routes/memory.js","memory_points; unlocked_regions","none","requires server for remote purge; local clear follows","focused local contract tests","deployed end-to-end/device proof",YES,YES,YES,PARTIAL,UNKNOWN,UNKNOWN,"separate from Activity/Cairn delete"
MEM-04,Memory,"Friend fog selection and union display","viewer subscription store + friend-memory cache","app/src/features/memory/store/useMemorySubscriptionsStore.ts; useFriendMemoryStore.ts","/api/memory-subscriptions; /api/circle/fog; memory_subscriptions","free limit from server","friend cache is RAM-only","API/source present in O56 and production","safe authorization/revocation and cache TTL",YES,YES,PARTIAL,YES,UNKNOWN,UNKNOWN,"display works but authorization is unsafe"
MEM-05,Memory,"Server friendship and cap authorization","database trigger intended as authority","backend/src/routes/memory-subscriptions.js; migrations/018_friend_system_v4.sql","trg_memory_subscription_cap","none","not applicable to offline reads","production trigger verified absent","new corrective migration plus request/query checks",YES,PARTIAL,PARTIAL,NO,UNKNOWN,NO,"P0: direct API can subscribe arbitrary existing users and exceed cap"
MEM-06,Friends,"Owner-controlled Memory grant","no current owner","none","none","none","none","absent in source/schema/deployment","grant model/schema/API/UX",NO,NO,NO,NO,NO,NO,"viewer selection is not owner authorization"
MEM-07,Friends,"Revoke on unsubscribe/unfriend/block/delete","friend/subscription backend","backend/src/routes/friends.js:500-644; backend/src/routes/circle.js:55","friends; blocked_users; memory_subscriptions","none","open RAM cache has no remote invalidation","source and production behavior inspected","transactional revoke plus query-time authorization/cache purge",NO,PARTIAL,NO,NO,UNKNOWN,NO,"explicit unsubscribe works; unfriend/block do not"
FRI-01,Friends,"Friend request/list/profile/block","friend store + backend friends","app/src/screens/FriendsScreen.tsx; backend/src/routes/friends.js","/api/friends/*; friends; blocked_users","none","network-backed; local UI state only","source/deployed backend present","device journey and privacy regression proof",YES,YES,PARTIAL,PARTIAL,UNKNOWN,UNKNOWN,"profile returns aggregate counts"
CAIRN-01,"Plant/Quick Cairn","Offline-first Cairn create","marker store/entity outbox","app/src/store/useMarkerStore.ts:225; app/src/services/markerOfflineEntities.ts","/api/markers; markers.client_cairn_id","none","durable owner-scoped entity/outbox","focused tests; source/O56 capability present","physical-device offline/reconnect proof",YES,YES,YES,PARTIAL,UNKNOWN,UNKNOWN,"ack identity and tombstones exist"
CAIRN-02,"Cairn Detail","Open/edit/delete own Cairn","MarkerDetailScreen + marker store","app/src/screens/MarkerDetailScreen.tsx:105","/api/markers/:id","none","pending local object mutable; synced edit online-only","source/deployed endpoint present","unified shared/public detail and field proof",YES,YES,PARTIAL,PARTIAL,UNKNOWN,UNKNOWN,"screen resolves own marker store"
CAIRN-03,"All Cairns","Personal Cairn index/search","no current surface","app/src/screens/RoutesScreen.tsx:408","markers list API exists","none","own store may cache objects","O56 explicitly has Routes list not Cairns list","reachable journal/list/search/detail",NO,NO,NO,NO,NO,NO,"current major personal retrieval gap"
CAIRN-04,Memory,"Public Cairn discovery/detail","public bbox loader + blurred pins","app/src/features/memory/screens/MemoryScreen.tsx:824; CairnPinsLayer.tsx","/api/markers/public/bbox","none","network bbox only","source/deployed endpoint partial","interactive safe detail and publishing policy",PARTIAL,PARTIAL,PARTIAL,PARTIAL,UNKNOWN,NO,"stranger pins are blurred/noninteractive"
CAIRN-05,"Cairn interactions","Like/report/hide","interaction service + marker endpoints","app/src/services/markerInteractionService.ts; backend/src/routes/markers.js:470","nonce/vote/report/hide; marker_votes","none","vote offline entity is reserved but not wired","source/API present","normal non-owner detail and hide wiring",YES,NO,PARTIAL,PARTIAL,UNKNOWN,NO,"lower-layer capability is product-unreachable"
MOD-01,Moderation,"Moderation review/disposition","no current owner","none","report counters only","none","none","no queue/workflow found","moderation schema/tooling/owner/SLA/appeal",NO,NO,NO,NO,NO,NO,"five reports can auto-hide but this is not moderation operations"
ENC-01,Encounter,"Eligibility/presented/opened/interacted lifecycle","no current owner","none","no Encounter schema/API","none","none","absent in local and production schema","domain model/schema/API/privacy/retention/reconciliation",NO,NO,NO,NO,NO,NO,"fog proximity is not proof of presentation"
ROUTE-01,Trails,"Own Route list/search/detail","route store/screens + backend Route","app/src/screens/RoutesScreen.tsx:408-423; app/src/store/useRouteStore.ts","/api/routes; routes","none","owner-scoped cache; detail if previously loaded","O56 Trails route strings and backend present","device/offline journey proof",YES,YES,PARTIAL,PARTIAL,UNKNOWN,UNKNOWN,"friend route loader not consumed"
ROUTE-02,"Activity Detail/Planner","Create Route from finalized Activity","route outbox + backend transactional validation","app/src/store/useRouteStore.ts:281; backend/src/models/Route.js:20","/api/routes source_activity_* request only","none","durable route create outbox retries Activity sync race","focused local tests/source","deployed exact contract and device proof",YES,YES,YES,UNKNOWN,UNKNOWN,UNKNOWN,"source identity is validated but not stored"
ROUTE-03,Route,"Durable source/version/walked-planned provenance","local editor extras only","app/src/store/useRouteStore.ts:43-75; backend/src/models/Route.js:31","routes lacks provenance/version columns","none","local extras are device-local","server schema inspected","schema/API/export and fresh-device round trip",PARTIAL,NO,PARTIAL,NO,NO,NO,"edited geometry can appear wholly walked"
ROUTE-04,"Hike/Run","Active Route following and voice guidance","dormant hook/service","app/src/hooks/useRouteFollowing.ts:50; app/src/services/routeFollowing/RouteFollower.ts","none","none","route must be locally available","engine tests pass","normal caller/setter and product UX",YES,NO,YES,PARTIAL,UNKNOWN,NO,"current user gets map overlay guidance only"
ROUTE-05,Friends,"Friend Route view/copy/reference","circle route API + dormant store loader","app/src/store/useRouteStore.ts:237; backend/src/routes/circle.js:141","/api/circle/routes","none","no normal friend-route cache journey","API/source deployed","reachable UI plus copy/reference/revoke/privacy semantics",PARTIAL,NO,PARTIAL,PARTIAL,UNKNOWN,NO,"full endpoints/geometry returned to current friends"
SET-01,Settings,"Feedback acknowledgement","Settings + local account route","app/src/screens/SettingsScreen.tsx:706; backend/src/routes/account.js:60","/api/account/feedback; feedback_messages migration 035","none","network required; retryable UI","O56 client present; production endpoint/table absent","approved backend/migration deployment and device E2E",YES,YES,YES,NO,UNKNOWN,NO,"release blocker"
SET-02,Settings,"Data export request/status/download","Settings + DataExport backend","app/src/services/authService.ts:380; backend/src/models/DataExport.js","/api/account/export(s); data_exports","none","network/server build required","client/backend versions differ","isolated deployed contract proof and privacy review",YES,YES,PARTIAL,PARTIAL,UNKNOWN,NO,"current export route list omits geometry"
SET-03,Settings,"Seven-day account delete/restore","Settings/Auth + user deletion model","app/src/screens/SettingsScreen.tsx:870; backend/src/routes/auth.js:946","users.deleted_at; deletion cron","none","server authority required; device data clears now","O56 copy present; production is five minutes","approved backend deployment and full restore/sweep test",YES,YES,YES,NO,UNKNOWN,NO,"material release-truth mismatch"
PAY-01,Payments,"RevenueCat initialize/offering/purchase/restore","client iapService","app/src/services/iapService.ts:32-205","memory_pro client entitlement","RevenueCat public key env","entitlement cache up to 24h","native build has SDK; O56 key absent","EAS key plus ASC/RC product/offering setup",YES,PARTIAL,PARTIAL,NO,UNKNOWN,NO,"O56 records iap:api_key_missing"
PAY-02,Payments,"Server-authoritative paid entitlement","no current backend owner","none","no webhook/event/entitlement schema","none","none","absent in backend/production","signed idempotent lifecycle ingestion and enforcement",NO,NO,NO,NO,NO,NO,"purchase cannot change memory_subscription_limit"
MAP-01,"Home/Hike/Run/Memory","Mapbox online maps and rough NZ warmup","map components + mapboxPrewarm","app/src/services/mapboxPrewarm.ts","Mapbox SDK/tokens/offline pack","production token env exists","automatic bbox zoom 5-10 pack; no user control/status","source/O56 token evidence partial","device pack coverage/size and account metrics",YES,YES,PARTIAL,PARTIAL,UNKNOWN,PARTIAL,"older map field use does not prove O56 pack"
DIAG-01,Diagnostics,"Build/activity diagnostics for beta","internal debug/telemetry services","app/src/services/bootDiagnostics.ts; telemetryUploader.ts","telemetry APIs; QA logs","build/debug gated","bounded local logs; uploads vary","source/backend endpoints present","external-tester consent/capture/retention and exact device identity",PARTIAL,PARTIAL,PARTIAL,PARTIAL,UNKNOWN,UNKNOWN,"production normal Settings does not expose old debug path"
REL-02,TestFlight,"External beta availability","App Store Connect owner","none","ASC build/group/review","dashboard-controlled","not applicable","EAS build completed only","redacted ASC build/group/review and tester install proof",UNKNOWN,UNKNOWN,NO,UNKNOWN,UNKNOWN,NO,"dashboard access absent"
