requirement_id,parent_capability_ids,user_need,decision_status,decision_classification,decision_source,primary_page_or_shared_owner,secondary_affected_pages,current_behavior,gap_type,proposed_disposition,current_source,user_reachability,automated_proof,deployed_match,device_loaded,real_field_validation,visual_evidence_level,dna_alignment,user_acceptance,user_acceptance_source,dependencies,dependency_classification,candidate_slice,acceptance_criteria,evidence_ids,known_open_issues,test_scope_limitations,open_question
RQ-REL-001,REL-01,The owner can identify the exact client candidate before reviewing it.,CONFIRMED_REQUIREMENT,AUDIT_RECOMMENDATION,Full task §15 and §16,Shared release identity,Settings|Home|Hike|Run,"Home contains O56 and Settings exposes app/build versions, but ordinary UI does not expose the Expo update ID; publication does not prove device loading.",INSUFFICIENT_EVIDENCE,CURRENT_SLICE,YES,YES,PARTIAL,YES,UNKNOWN,UNKNOWN,SOURCE_ONLY,MATCH,NOT_CONFIRMED,No explicit page-level acceptance evidence found.,,REUSE_EXISTING,CARD-01 — first iPhone Hike/Run evidence review,"Record O56, app 0.2.6, build 56, and where possible the installed Expo update ID before testing.",DEP-001|SRC-002,,"Fixture/source proof is not deployed, native-device, field, or user-acceptance proof.",
RQ-AUTH-001,AUTH-01,"Home, Friends, and Auth remain bounded accepted visual references and ordinary entry foundations.",ACCEPTED_CURRENT_CONTRACT,ACCEPTED_AUTHORITY,Full task §4 and docs/VISUAL_SYSTEM.md,Auth/Home/Friends,,Normal auth gate and Home entries exist; these pages were used as reference only.,KEEP_ACCEPTED_REFERENCE,KEEP_NO_CHANGE,YES,YES,PARTIAL,PARTIAL,UNKNOWN,UNKNOWN,EXISTING_COMPONENT_WITH_FIXTURE,MATCH,PARTIAL,Accepted reference scope only; not a new whole-page pass.,,REUSE_EXISTING,Shared regression guard only,Future shared changes do not regress accepted Home/Friends/Auth rendering or entry paths.,SRC-003|SRC-006,,"Fixture/source proof is not deployed, native-device, field, or user-acceptance proof.",
RQ-ACT-001,ACT-01,"A hiker can start, pause, resume, finish, and durably save a truthful Activity.",CONFIRMED_REQUIREMENT,EXPLICIT_USER_DECISION,Full task §4 and §15,Hike,Activity Detail|Trails|Memory,"Shared Activity stack, WAL/recovery, offline save, and visible recording chrome are present; current native/device/NZ field outcome is unverified.",DEVICE_ACCEPTANCE_GAP,CURRENT_SLICE,YES,YES,YES,PARTIAL,UNKNOWN,PARTIAL,EXISTING_COMPONENT_WITH_FIXTURE,PARTIAL,PARTIAL,Latest owner feedback says Hike/Run have not all been accepted.,,REUSE_EXISTING,CARD-01 — first iPhone Hike/Run evidence review,"On the identified iPhone build, start/pause/resume/finish remain operable in Day/Sunset/Night and Activity Detail opens after finish.",TEST-001|VIS-001|VIS-002|HIST-001,,"Fixture/source proof is not deployed, native-device, field, or user-acceptance proof.",
RQ-ACT-002,ACT-02,"A runner can start, pause, resume, finish, and durably save a truthful Activity with Run-appropriate priorities.",CONFIRMED_REQUIREMENT,EXPLICIT_USER_DECISION,Full task §4 and §15,Run,Activity Detail|Trails|Memory,Run shares the Activity stack and prioritizes live pace/distance/time; current native startup pace and field truth remain unverified.,DEVICE_ACCEPTANCE_GAP,CURRENT_SLICE,YES,YES,YES,PARTIAL,UNKNOWN,PARTIAL,EXISTING_COMPONENT_WITH_FIXTURE,PARTIAL,PARTIAL,Latest owner feedback says Hike/Run have not all been accepted.,,REUSE_EXISTING,CARD-01 — first iPhone Hike/Run evidence review,"On the identified iPhone build, startup pace is not misleading, controls remain operable, and finish reaches the same Activity Detail contract.",TEST-001|VIS-003|VIS-004|HIST-001,,"Fixture/source proof is not deployed, native-device, field, or user-acceptance proof.",
RQ-ACT-003,ACT-01|ACT-02,Hike and Run share consistent lifecycle semantics while retaining different information priorities.,CONFIRMED_REQUIREMENT,EXPLICIT_USER_DECISION,Full task §4,Shared ActivityRecordingChrome/lifecycle,Hike|Run,Both screens use ActivityRecordingChrome and shared tracking state; fixture captures show the common ready/recording dock.,ACCEPTANCE_NOT_CONFIRMED,CURRENT_SLICE,YES,YES,YES,UNKNOWN,UNKNOWN,UNKNOWN,EXISTING_COMPONENT_WITH_FIXTURE,MATCH,PARTIAL,Shared behavior exists but current physical interaction is not accepted.,,REUSE_EXISTING,CARD-01 — first iPhone Hike/Run evidence review,Pause/Resume/Finish semantics match across both modes; Hike and Run metric priorities remain distinct.,TEST-001|VIS-001|VIS-003,,"Fixture/source proof is not deployed, native-device, field, or user-acceptance proof.",
RQ-ACT-004,ACT-01|ACT-02,Opening Finish and then cancelling preserves the exact prior lifecycle; paused remains paused.,CONFIRMED_REQUIREMENT,EXPLICIT_USER_DECISION,Full task §4 historical field symptoms,Shared Activity finish intent,Hike|Run,"Regular finish confirmation snapshots state and cancel preserves it in source/tests. The too-short Continue path explicitly resumes a paused Activity, which is a separate inconsistency.",IMPLEMENTATION_DEFECT,CURRENT_SLICE,YES,PARTIAL,YES,UNKNOWN,UNKNOWN,UNKNOWN,EXISTING_COMPONENT_WITH_FIXTURE,PARTIAL,NOT_CONFIRMED,No explicit page-level acceptance evidence found.,,REUSE_EXISTING,CARD-01 review; future repair only if reproduced/confirmed,Tracking→Finish→Cancel remains tracking.|Paused→Finish→Cancel remains paused.|Too-short Continue behavior is explicitly reviewed rather than assumed correct.,TEST-001|SRC-010|SRC-011,TooShortSheet Continue calls resume when the Activity was paused.,"Fixture/source proof is not deployed, native-device, field, or user-acceptance proof.",
RQ-ACT-005,ACT-01|ACT-02,"Repeated Resume cannot duplicate work, and GPS recovery never locks Back or Finish.",CONFIRMED_REQUIREMENT,EXPLICIT_USER_DECISION,Full task §4 historical field symptoms,Shared Activity lifecycle,Hike|Run,Single-flight/epoch guards and focused tests exist; physical recovery and background behavior are not current-device proven.,DEVICE_AND_FIELD_EVIDENCE_GAP,CURRENT_SLICE,YES,PARTIAL,YES,UNKNOWN,UNKNOWN,PARTIAL,EXISTING_COMPONENT_WITH_FIXTURE,PARTIAL,NOT_CONFIRMED,No explicit page-level acceptance evidence found.,,REUSE_EXISTING,CARD-01 — first iPhone Hike/Run evidence review,Rapid repeated Resume produces one recovery transition.|Back and Finish remain available during degraded/recovering states.|Timer and subsequent movement recover together.,TEST-001|HIST-001,Historical bad run/wrong2 symptoms require current device verification.,"Fixture/source proof is not deployed, native-device, field, or user-acceptance proof.",
RQ-ACT-006,ACT-01|ACT-02|MEM-01|DIAG-01,"Raw, Canonical, Live, Final, display, planned, friend, and simulated geometry never masquerade as one another.",CONFIRMED_REQUIREMENT,EXPLICIT_USER_DECISION,Full task §4 and §13,Shared Activity truth contract,Memory|Route Editor|Activity Detail|Diagnostics,"Source distinguishes several layers and simulator provider state, but Memory evidence provenance is not persisted per point and Route provenance is lost on server round-trip.",SHARED_DATA_CONTRACT_GAP,LATER_SLICE,PARTIAL,PARTIAL,YES,PARTIAL,UNKNOWN,UNKNOWN,SOURCE_ONLY,PARTIAL,NOT_CONFIRMED,No explicit page-level acceptance evidence found.,Persisted provenance design|Existing activity contract tests,PRODUCT_DECISION_REQUIRED,Activity truth/data-contract slice after page acceptance,Every displayed geometry has an explicit source role.|Simulation cannot be counted as real exploration.|Persisted records preserve required provenance.,TEST-001|SRC-025|SRC-026,,"Fixture/source proof is not deployed, native-device, field, or user-acceptance proof.",
RQ-ACT-007,ACT-01|ACT-02|ROUTE-02,Final/Snap can remove noise but never invent traversal across a true GPS Gap.,CONFIRMED_REQUIREMENT,EXPLICIT_USER_DECISION,Full task §4,Final geometry pipeline,Activity Detail|Route Editor,Gap-aware source/tests exist; there is no proven durable reconnect worker that survives relaunch and long offline periods.,STATE_WITHOUT_DURABLE_WORKER,LATER_SLICE,YES,PARTIAL,YES,PARTIAL,UNKNOWN,PARTIAL,SOURCE_ONLY,PARTIAL,NOT_CONFIRMED,No explicit page-level acceptance evidence found.,Durable work/executor decision,NARROW_PREREQUISITE,Activity Detail truth/recovery slice,A true Gap remains visible until an explicit Route-only reconnect.|Any later enhancement executor is durable and truthfully described.,TEST-001|DEP-002,,"Fixture/source proof is not deployed, native-device, field, or user-acceptance proof.",
RQ-ACT-008,ACT-01|ACT-02|MAP-01,"Historical wrong2, something run, bad run, Sunset/Night, and attribution-collision symptoms retain a current evidence boundary.",CONFIRMED_REQUIREMENT,EXPLICIT_USER_DECISION,Full task §4 historical field symptoms,Hike/Run review,,"Source/test mitigations exist and a historical native Run screenshot shows a functioning map and controls, but the symptoms were not reproduced or cleared on the current identified candidate.",INSUFFICIENT_CURRENT_DEVICE_EVIDENCE,CURRENT_SLICE,PARTIAL,PARTIAL,PARTIAL,UNKNOWN,UNKNOWN,PARTIAL,HISTORICAL_SCREENSHOT,PARTIAL,NOT_CONFIRMED,No explicit page-level acceptance evidence found.,,REUSE_EXISTING,CARD-01 — first iPhone Hike/Run evidence review,Return current Day/Sunset/Night screenshots and exact version identity.|Record whether each symptom reproduces without declaring old reports false.,HIST-001|VIS-001,Six Desktop/54 images appear to be historical urban Run captures; five are near-duplicates and none proves current O56/NZ behavior.,"Fixture/source proof is not deployed, native-device, field, or user-acceptance proof.",
RQ-ACTD-001,ACT-03,"A finished or historical Activity opens one truthful Activity Detail with route state, sync state, and Cairns.",CONFIRMED_REQUIREMENT,EXPLICIT_USER_DECISION,"Full task §3, §8, and §9",Activity Detail (MapHistory object branch),Hike|Run|Trails,Normal finish and Trails rows navigate by Activity/client ID to MapHistory. Source and Expo Web fallback visuals exist; native/device/user acceptance does not.,PAGE_ACCEPTANCE_AND_NATIVE_EVIDENCE_GAP,LATER_SLICE,YES,YES,PARTIAL,PARTIAL,UNKNOWN,UNKNOWN,EXISTING_COMPONENT_WITH_FIXTURE,PARTIAL,NOT_CONFIRMED,No explicit page-level acceptance evidence found.,,REUSE_EXISTING,Page sequence 2 — Activity Detail,Newly finished and historical rows resolve to the same detail contract.|Native route/Cairn/map legal controls do not collide.|Truth and sync states match actual durability.,VIS-019|VIS-026|VIS-033|SRC-013,,"Fixture/source proof is not deployed, native-device, field, or user-acceptance proof.",
RQ-ACTD-002,ACT-03,Back from Activity Detail returns predictably to the originating journey without object-family confusion.,CONFIRMED_REQUIREMENT,AUDIT_RECOMMENDATION,Full task §9 required journeys,Activity Detail navigation,Trails|Hike|Run,Both finish and Trails target MapHistory; direct fixture routing proves component presence only.,NAVIGATION_ACCEPTANCE_GAP,LATER_SLICE,YES,YES,PARTIAL,UNKNOWN,UNKNOWN,UNKNOWN,SOURCE_ONLY,PARTIAL,NOT_CONFIRMED,No explicit page-level acceptance evidence found.,,REUSE_EXISTING,Page sequence 2 — Activity Detail,Finish landing and Trails row landing are equivalent.|Back returns to expected prior page in both journeys.,SRC-013|SRC-012,,"Fixture/source proof is not deployed, native-device, field, or user-acceptance proof.",
RQ-ACTD-003,ACT-03|ROUTE-02,"Activity Detail distinguishes local save, server sync, final refinement, and Route readiness without unsupported promises.",CONFIRMED_REQUIREMENT,EXPLICIT_USER_DECISION,Full task §4 and §13,Activity Detail state surface,,A state surface exists and tests cover labels; no durable reconnect Final worker is proven.,STATE_WITHOUT_DURABLE_WORKER,LATER_SLICE,PARTIAL,YES,YES,PARTIAL,UNKNOWN,UNKNOWN,EXISTING_COMPONENT_WITH_FIXTURE,PARTIAL,NOT_CONFIRMED,No explicit page-level acceptance evidence found.,Final worker truth decision,PRODUCT_DECISION_REQUIRED,Page sequence 2 — Activity Detail,Every state label maps to a real executor or user action.|Retry is real where displayed.|No promise of automatic enhancement without durable work.,TEST-001|VIS-019,,"Fixture/source proof is not deployed, native-device, field, or user-acceptance proof.",
RQ-TRAIL-001,ROUTE-01|ACT-03|CAIRN-03,Trails keeps the accepted Activities/Routes primary structure without Mine/Friends tiers or an equal Cairns tab.,ACCEPTED_CURRENT_CONTRACT,ACCEPTED_AUTHORITY,Full task §4 explicit core boundaries,Trails,,Current screen has Activities and Routes tabs only. All Cairns is not present.,KEEP_ACCEPTED_IA,KEEP_NO_CHANGE,YES,YES,YES,PARTIAL,UNKNOWN,UNKNOWN,EXISTING_COMPONENT_WITH_FIXTURE,MATCH,PARTIAL,Only the IA structure is explicitly accepted; the whole page is not.,,REUSE_EXISTING,Regression guard for later Trails integration,"Activities/Routes remains the primary Trails structure.|All Cairns, if approved, is not silently added as an equal Trails tab.",TEST-001|VIS-013|VIS-014,,"Fixture/source proof is not deployed, native-device, field, or user-acceptance proof.",
RQ-TRAIL-002,ROUTE-01|ACT-03,"Activity and Route search covers the intended full history, not merely the currently loaded subset.",UNRESOLVED,AUDIT_RECOMMENDATION,Full task §13,Trails retrieval/search,,Search filters arrays already in memory. Session storage caps locally at 500; route/session APIs do not prove pagination. A 300-item test proves grouping/virtualization only.,RETRIEVAL_COMPLETENESS_GAP,NEEDS_PRODUCT_DECISION,PARTIAL,YES,PARTIAL,UNKNOWN,UNKNOWN,UNKNOWN,EXISTING_COMPONENT_WITH_FIXTURE,PARTIAL,NOT_CONFIRMED,No explicit page-level acceptance evidence found.,History retention/product decision|Paginated API if full history required,PRODUCT_DECISION_REQUIRED,Page sequence 5 — Trails integration,"Define retained history and pagination.|Search explicitly states local vs server scope.|Large-list proof includes retrieval, not only rendering.",TEST-001|VIS-013,,"Fixture/source proof is not deployed, native-device, field, or user-acceptance proof.",
RQ-TRAIL-003,ACT-03|ROUTE-01,Trails rows and post-create flows reach the same canonical Activity/Route Details.,CONFIRMED_REQUIREMENT,AUDIT_RECOMMENDATION,Full task §9,Trails/detail integration,Activity Detail|Route Detail|Route Editor,Trails rows reach MapHistory details. Save as Route resets to RouteEditor view mode rather than the canonical Route Detail branch.,INCONSISTENT_DESTINATION,LATER_SLICE,YES,PARTIAL,PARTIAL,UNKNOWN,UNKNOWN,UNKNOWN,EXISTING_COMPONENT_WITH_FIXTURE,PARTIAL,NOT_CONFIRMED,No explicit page-level acceptance evidence found.,,REUSE_EXISTING,Page sequence 5 after Route work,Every object family has one canonical detail contract.|Create/reopen/list journeys converge.|Back destinations are explicit.,SRC-012|SRC-013|SRC-014,,"Fixture/source proof is not deployed, native-device, field, or user-acceptance proof.",
RQ-ROUTE-001,ROUTE-01,"A user can list, search, open, rename, delete, and use their Route with honest failure feedback.",CONFIRMED_REQUIREMENT,IMPLEMENTATION_FACT,Current RoutesScreen/MapHistory source; full task §8,Route Detail,Trails|Route Editor|Hike|Run,Normal Trails row reachability exists. Rename is not awaited/caught; delete navigates back immediately while async work continues. Direct unknown IDs have no targeted load/not-found state.,IMPLEMENTATION_DEFECT,LATER_SLICE,YES,YES,PARTIAL,PARTIAL,UNKNOWN,UNKNOWN,EXISTING_COMPONENT_WITH_FIXTURE,PARTIAL,NOT_CONFIRMED,No explicit page-level acceptance evidence found.,,REUSE_EXISTING,Page sequence 4 — Route Detail/Editor/Use,Rename/delete failure remains visible and recoverable.|Direct/stale IDs show loading/not-found.|Successful mutation persists across reopen.,VIS-020|SRC-013,,"Fixture/source proof is not deployed, native-device, field, or user-acceptance proof.",
RQ-ROUTE-002,ROUTE-02,A finalized Activity can create a new Route without changing the original Activity.,CONFIRMED_REQUIREMENT,EXPLICIT_USER_DECISION,Full task §4 and §9,Activity Detail → Route Editor,Route Detail|Trails,"Save as Route creates a transient draft, editor changes the draft, and outer Save persists. After new Save, navigation lands in RouteEditor view mode, not canonical Route Detail.",INCONSISTENT_DESTINATION,LATER_SLICE,YES,YES,YES,UNKNOWN,UNKNOWN,UNKNOWN,EXISTING_COMPONENT_WITH_FIXTURE,PARTIAL,NOT_CONFIRMED,No explicit page-level acceptance evidence found.,,REUSE_EXISTING,Page sequence 4 — Route Detail/Editor/Use,Original Activity remains immutable.|New Route persists and reopens.|Successful creation lands on the agreed canonical Route Detail.,TEST-001|SRC-014,,"Fixture/source proof is not deployed, native-device, field, or user-acceptance proof.",
RQ-ROUTE-003,ROUTE-03,"Route origin, version, and walked/planned segment distinctions survive server round-trip and fresh-device reopen.",CANDIDATE_AWAITING_DECISION,CANDIDATE_DESIGN,Full task §4 future requirements; Cairn Blueprint v0.9 Route sections,Route data contract,Route Editor|Route Detail|Activity Detail,"Local route extras include originalPoints/segments, but backend persistence retains points/waypoints/distance/elevation/permission without durable provenance/version/walked-planned semantics.",BACKEND_SCHEMA_GAP,NEEDS_PRODUCT_DECISION,PARTIAL,NO,PARTIAL,NO,NO,NO,SOURCE_ONLY,PARTIAL,NOT_CONFIRMED,No explicit page-level acceptance evidence found.,Product decision|Schema/API change later,PRODUCT_DECISION_REQUIRED,Prerequisite decision before relaxing Route editing limits,Approved semantics are explicit.|Required provenance survives server/export/fresh device.|Edited geometry is not presented as wholly walked.,DEP-003|SRC-027,,"Fixture/source proof is not deployed, native-device, field, or user-acceptance proof.",
RQ-ROUTE-004,ROUTE-04,Use for Hike/Run truthfully distinguishes a displayed reference line from active following/voice guidance.,CONFIRMED_REQUIREMENT,IMPLEMENTATION_FACT,Current source plus full task §5 and §13,Route Detail → Hike/Run handoff,,Use selects routeId and shows a pre-start reference line. setFollowingRoute has no normal production caller; useRouteFollowing remains dormant.,MISSING_WIRING_OR_COPY_SCOPE,KEEP_NO_CHANGE,YES,PARTIAL,YES,PARTIAL,UNKNOWN,UNKNOWN,EXISTING_COMPONENT_WITH_FIXTURE,PARTIAL,NOT_CONFIRMED,No explicit page-level acceptance evidence found.,,REUSE_EXISTING,Keep current map-reference promise; active following is later decision,Current copy does not imply active turn-by-turn following.|Any future active following has a normal caller and field proof.,SRC-027|TEST-001,,"Fixture/source proof is not deployed, native-device, field, or user-acceptance proof.",
RQ-ROUTE-005,ROUTE-01|ROUTE-02,"Route Editor Save/Cancel/Delete/Edit have durable, truthful outcomes and visible errors.",CONFIRMED_REQUIREMENT,AUDIT_RECOMMENDATION,Full task §9 action trace,Route Editor,Route Detail|Trails,View/edit modes and two-stage draft/save exist. Web map is unavailable; gear has a TODO handler; delete has no catch; outer Save creates/updates.,IMPLEMENTATION_DEFECT,LATER_SLICE,YES,YES,PARTIAL,UNKNOWN,UNKNOWN,UNKNOWN,EXISTING_COMPONENT_WITH_FIXTURE,PARTIAL,NOT_CONFIRMED,No explicit page-level acceptance evidence found.,,REUSE_EXISTING,Page sequence 4 — Route Detail/Editor/Use,Save/Cancel semantics are unambiguous.|Delete/save failures remain on screen with retry.|No visible no-op control.,VIS-021|VIS-028|VIS-035|SRC-014,Gear control is a no-op TODO.|Web renderer shows Map unavailable.,"Fixture/source proof is not deployed, native-device, field, or user-acceptance proof.",
RQ-ROUTE-006,ROUTE-02|ROUTE-03,"Explicit reconnect or true-Gap edits affect only the new Route, never silently rewrite the Activity.",CONFIRMED_REQUIREMENT,EXPLICIT_USER_DECISION,Full task §4 and §9,Route Editor truth boundary,Activity Detail,Editor works on a Route draft and the Activity remains separate; persisted segment provenance is incomplete.,PARTIAL_DATA_CONTRACT,LATER_SLICE,PARTIAL,YES,YES,NO,UNKNOWN,UNKNOWN,EXISTING_COMPONENT_WITH_FIXTURE,PARTIAL,NOT_CONFIRMED,No explicit page-level acceptance evidence found.,RQ-ROUTE-003,NARROW_PREREQUISITE,Page sequence 4 — Route Editor,Activity geometry remains unchanged.|Reconnect is explicit and Route-only.|Fresh-device reopen preserves the distinction.,TEST-001|SRC-014,,"Fixture/source proof is not deployed, native-device, field, or user-acceptance proof.",
RQ-ROUTE-007,ROUTE-05,Friend Route view/copy/reference/revoke semantics are decided before exposing existing lower-layer data.,CANDIDATE_AWAITING_DECISION,CANDIDATE_DESIGN,Full task §4 future requirements,Friends/Route future domain,Trails|Route Detail,Circle Route API and dormant loader exist; there is no normal UI or approved copy/reference/revoke contract.,HANDLER_WITHOUT_NORMAL_CONSUMER,LATER_SLICE,PARTIAL,NO,PARTIAL,PARTIAL,UNKNOWN,UNKNOWN,SOURCE_ONLY,PARTIAL,NOT_CONFIRMED,No explicit page-level acceptance evidence found.,,PRODUCT_DECISION_REQUIRED,Later Friends/Route sharing scope,Ownership and revocation semantics are approved.|Normal UI is explicit.|Copy/reference never mutates the source owner Route.,DEP-004,,"Fixture/source proof is not deployed, native-device, field, or user-acceptance proof.",
RQ-CAIRN-001,CAIRN-01,"Full Plant creates one stable, private-by-default Cairn with optional content and later recovery after local failure.",CONFIRMED_REQUIREMENT,EXPLICIT_USER_DECISION,Full task §4; Plant config R114/O24 source decision,Plant,Own Cairn Detail|Memory|Activity Detail,Standalone GPS→pin→content and active-Hike compose exist. Content is optional; default is Just me; failed draft rehydrates. Title is encoded inside note with U+001E because backend lacks a title field.,SCHEMA_DEBT_AND_DEVICE_EVIDENCE_GAP,KEEP_NO_CHANGE,YES,YES,YES,PARTIAL,UNKNOWN,UNKNOWN,EXISTING_COMPONENT_WITH_FIXTURE,MATCH,NOT_CONFIRMED,No explicit page-level acceptance evidence found.,,REUSE_EXISTING,Preserve current Plant; title schema may be a later narrow prerequisite,Successful Plant resolves to the same Cairn identity/detail.|Private default remains.|Failed local commit is visible and recoverable.,TEST-001|VIS-022|VIS-029|VIS-036|SRC-015,,"Fixture/source proof is not deployed, native-device, field, or user-acceptance proof.",
RQ-CAIRN-002,CAIRN-01|ACT-02,"Quick Cairn uses the most recent trustworthy Activity position, creates no fabricated success, and links to the Activity.",CONFIRMED_REQUIREMENT,EXPLICIT_USER_DECISION,Full task §4 and §9,Run Quick Cairn,Activity Detail|Memory|Own Cairn Detail,"Run uses a fresh accepted point no older than 30 seconds, optional empty content, local durable marker, and activity provenance. It does not navigate to Detail.",RETRIEVAL_DISCOVERABILITY_GAP,KEEP_NO_CHANGE,YES,YES,YES,PARTIAL,UNKNOWN,UNKNOWN,SOURCE_ONLY,PARTIAL,NOT_CONFIRMED,No explicit page-level acceptance evidence found.,RQ-CAIRN-006,LATER_DOMAIN_WORK,Preserve recording flow; All Cairns later closes retrieval,Stale/missing fix blocks Quick Cairn.|Stable identity and Activity link persist.|Later edit/delete is reachable through an approved retrieval path.,SRC-011|SRC-028,,"Fixture/source proof is not deployed, native-device, field, or user-acceptance proof.",
RQ-CAIRN-003,CAIRN-01|CAIRN-02,Quick/Plant/map/list/Activity entries resolve to one stable Cairn identity without delete resurrection.,CONFIRMED_REQUIREMENT,EXPLICIT_USER_DECISION,Full task §4 and §13,Shared Cairn identity,Plant|Run|Activity Detail|Memory|All Cairns,clientCairnId/localId ack identity and tombstones exist. Naming is packed in note. Circle/public projections remain separate stores and do not converge on normal Detail.,PARTIAL_SHARED_IDENTITY_CONTRACT,LATER_SLICE,PARTIAL,PARTIAL,YES,PARTIAL,UNKNOWN,UNKNOWN,EXISTING_COMPONENT_WITH_FIXTURE,PARTIAL,NOT_CONFIRMED,No explicit page-level acceptance evidence found.,,REUSE_EXISTING,Page sequence 3 — Own Cairn Detail and All Cairns,All entry surfaces resolve the same stable ID.|Delete tombstones prevent resurrection.|Pending/synced naming is consistent.,TEST-001|SRC-028,,"Fixture/source proof is not deployed, native-device, field, or user-acceptance proof.",
RQ-CAIRN-004,CAIRN-02,"An owner can open, edit, and delete their Cairn with explicit offline/online boundaries.",CONFIRMED_REQUIREMENT,IMPLEMENTATION_FACT,Current MarkerDetailScreen and full task §8,Own Cairn Detail,Plant|Memory|Activity Detail,Successful full Plant normally replaces to MarkerDetail. Own local pending objects can edit/delete locally; synced edit/delete require network. Expo Web fixture shows Day/Sunset/Night but no native acceptance.,PAGE_ACCEPTANCE_GAP,LATER_SLICE,YES,YES,PARTIAL,PARTIAL,UNKNOWN,UNKNOWN,REAL_WEB_MAPBOX,DIVERGENT,NOT_CONFIRMED,No explicit page-level acceptance evidence found.,,REUSE_EXISTING,Page sequence 3 — Own Cairn Detail and All Cairns,Plant→Detail and retrieval→Detail converge.|Offline boundary is visible.|Edit/delete persist and failures are recoverable.,VIS-023|VIS-030|VIS-037|SRC-016,,"Fixture/source proof is not deployed, native-device, field, or user-acceptance proof.",
RQ-CAIRN-005,CAIRN-01|CAIRN-02,"Pending-create edits, synced edits, and synced deletes are described as distinct contracts.",CONFIRMED_REQUIREMENT,AUDIT_RECOMMENDATION,Full task §13,Cairn persistence boundary,Plant|Own Cairn Detail|All Cairns,Create is durable local/outbox; pending local object is mutable; synced edit/delete are online calls with tombstone protection.,COPY_AND_ACCEPTANCE_GAP,LATER_SLICE,YES,PARTIAL,YES,UNKNOWN,UNKNOWN,UNKNOWN,SOURCE_ONLY,PARTIAL,NOT_CONFIRMED,No explicit page-level acceptance evidence found.,,REUSE_EXISTING,Page sequence 3 — Cairn details,UI does not call all mutations offline-first.|Each state has accurate feedback and retry semantics.,TEST-001|SRC-028,,"Fixture/source proof is not deployed, native-device, field, or user-acceptance proof.",
RQ-CAIRN-006,CAIRN-03,"A personal All Cairns entry supports recency, search, later editing, and honest offline mutation boundaries.",CANDIDATE_AWAITING_DECISION,CANDIDATE_DESIGN,Full task §4 future requirements and §8,All Cairns,Home or agreed personal-library entry|Own Cairn Detail|Memory,No All Cairns page/tab/normal entry exists. Own marker cache and APIs do not constitute a reachable index.,UNIMPLEMENTED_CANDIDATE_REQUIREMENT,NEEDS_PRODUCT_DECISION,NO,NO,NO,NO,NO,NO,NO_EVIDENCE,UNVERIFIED,NOT_CONFIRMED,No explicit page-level acceptance evidence found.,,PRODUCT_DECISION_REQUIRED,Page sequence 3 — Own Cairn Detail and All Cairns,Entry location is explicitly approved without reopening accepted Trails IA.|List/search/reopen scope is explicit.|Pending/synced mutation boundaries are shown.,SRC-012|DEP-005,,"Fixture/source proof is not deployed, native-device, field, or user-acceptance proof.",
RQ-CAIRN-007,CAIRN-04|CAIRN-05,A friend/public Cairn can reach an approved non-owner Detail without implying encounter or exposing implicit visitor location/time.,CANDIDATE_AWAITING_DECISION,CANDIDATE_DESIGN,Full task §4 future requirements,Non-owner Cairn Detail,Memory|Friends|Public discovery,"Detail components and non-owner sheet forms exist, but Memory receives own markers only; circle markers are not rendered; public pins are blurred/unpressable; full MarkerDetail only resolves own store objects.",HANDLER_WITHOUT_NORMAL_CONSUMER,NEEDS_PRODUCT_DECISION,PARTIAL,NO,PARTIAL,PARTIAL,UNKNOWN,NO,SOURCE_ONLY,UNVERIFIED,NOT_CONFIRMED,No explicit page-level acceptance evidence found.,RQ-MEM-005|RQ-ENC-001|RQ-MOD-001,PRODUCT_DECISION_REQUIRED,Later Friends/Public after authorization containment,Normal entry is defined.|Presence/open/Thanks are distinct.|No author notification of implicit visitor location/time by default.,SRC-016|SRC-019|SRC-020,,"Fixture/source proof is not deployed, native-device, field, or user-acceptance proof.",
RQ-CAIRN-008,CAIRN-05|MOD-01,"Like/report/hide/Block actions are reachable only with real persistence, moderation, and privacy semantics.",CANDIDATE_AWAITING_DECISION,CANDIDATE_DESIGN,Full task §4 future requirements,Non-owner Cairn Detail/interactions,Memory|Moderation,Services/endpoints exist but have no normal non-owner consumer. Hide in CairnPinsLayer closes the sheet without persisting hide.,VISIBLE_OR_LOWER_LAYER_NO_OP,LATER_SLICE,PARTIAL,NO,PARTIAL,PARTIAL,UNKNOWN,UNKNOWN,SOURCE_ONLY,PARTIAL,NOT_CONFIRMED,No explicit page-level acceptance evidence found.,Moderation operating model,LATER_DOMAIN_WORK,Later Public/Moderation scope,Every visible interaction has a durable handler.|Report enters an owned moderation workflow.|Hide/Block effects and reversibility are explicit.,DEP-006|SRC-020,,"Fixture/source proof is not deployed, native-device, field, or user-acceptance proof.",
RQ-MEM-001,MEM-01,Personal Memory reveals only accepted personal evidence and never invents movement.,CONFIRMED_REQUIREMENT,EXPLICIT_USER_DECISION,Full task §4,Personal Memory,Activity|Foreground exploration,Personal points and evidence-bounded fog exist. Persisted source provenance is incomplete; current Web capture remained in loading UI after one runtime error.,DATA_PROVENANCE_AND_RUNTIME_EVIDENCE_GAP,LATER_SLICE,YES,YES,YES,PARTIAL,UNKNOWN,UNKNOWN,REAL_WEB_MAPBOX,DIVERGENT,NOT_CONFIRMED,No explicit page-level acceptance evidence found.,,REUSE_EXISTING,Page sequence 6 — Personal Memory,Only accepted personal evidence clears personal fog.|Source identity persists.|Map failure/loading states recover truthfully.,VIS-024|VIS-031|VIS-038|TEST-001,Audit Web runtime raised one undefined-index error and showed Opening your map in all three themes.,"Fixture/source proof is not deployed, native-device, field, or user-acceptance proof.",
RQ-MEM-002,MEM-02,Passive foreground exploration is explicitly enabled and distinguishable from Activity and simulation evidence.,CONFIRMED_REQUIREMENT,IMPLEMENTATION_FACT,Current source and prior capability audit,Memory foreground exploration,Settings|Diagnostics,A setting and foreground recorder exist; simulator-derived passive points are not durably distinguishable after persistence.,PROVENANCE_GAP,LATER_SLICE,YES,PARTIAL,PARTIAL,PARTIAL,UNKNOWN,UNKNOWN,SOURCE_ONLY,PARTIAL,NOT_CONFIRMED,No explicit page-level acceptance evidence found.,,REUSE_EXISTING,Page sequence 6 — Personal Memory,User control is explicit.|Simulated and real provenance remain distinguishable.|Battery/permission behavior is device-tested.,DEP-007,,"Fixture/source proof is not deployed, native-device, field, or user-acceptance proof.",
RQ-MEM-003,MEM-03,Personal Memory reset is explicit and truthful without implying Activity/Cairn deletion.,CONFIRMED_REQUIREMENT,IMPLEMENTATION_FACT,Current Settings source and full task §4,Settings Privacy & Data,Memory,A destructive flow exists; it was not invoked. Remote purge requires server and local clear follows.,DEVICE_AND_DEPLOYED_E2E_GAP,LATER_SLICE,YES,YES,YES,PARTIAL,UNKNOWN,UNKNOWN,SOURCE_ONLY,MATCH,NOT_CONFIRMED,No explicit page-level acceptance evidence found.,,REUSE_EXISTING,Page sequence 6/Settings contract verification,Copy scopes reset to Memory only.|Server/local outcome and failure recovery are tested in isolation.|Ordinary production accounts are not used for audit testing.,TEST-001|SRC-021,,"Fixture/source proof is not deployed, native-device, field, or user-acceptance proof.",
RQ-MEM-004,MEM-04,"Viewer friend selection, single-friend focus, source separation, and overlap provenance are understandable.",CANDIDATE_AWAITING_DECISION,CANDIDATE_DESIGN,Full task §4 future requirements,Memory friend layer,Friends,"Mine/Friends scope, picker, subscriptions, and friend fog union exist. Circle Cairn markers are not consumed. Friend cache is RAM-only and authorization is unsafe.",SECURITY_AND_PRODUCT_DECISION_GAP,LATER_SLICE,YES,YES,PARTIAL,YES,UNKNOWN,UNKNOWN,SOURCE_ONLY,DIVERGENT,NOT_CONFIRMED,No explicit page-level acceptance evidence found.,RQ-MEM-005|RQ-SEC-001,NARROW_PREREQUISITE,Page sequence 7 after P0 containment,Mine and friend sources are visually distinct.|Single-friend/union behavior is approved.|Overlap retains provenance.|Authorization is enforced at query time.,DEP-008|SRC-018,Known production authorization P0 retained from prior audit.,"Fixture/source proof is not deployed, native-device, field, or user-acceptance proof.",
RQ-MEM-005,MEM-05|MEM-06|MEM-07,"Owner grant and viewer selection are separate, and revoke/unfriend/block/delete immediately remove access.",CONFIRMED_REQUIREMENT,AUDIT_RECOMMENDATION,Prior fact audit MEM-05..07; full task §4,Friends/Memory authorization,Memory|Backend,Viewer subscription exists without owner grant. Production trigger was absent and /circle/fog lacked the needed authorization check at prior verification; unfriend/block did not revoke and RAM cache had no remote invalidation.,KNOWN_PRODUCTION_SECURITY_P0,LATER_SLICE,PARTIAL,PARTIAL,PARTIAL,NO,UNKNOWN,NO,SOURCE_ONLY,UNVERIFIED,NOT_CONFIRMED,No explicit page-level acceptance evidence found.,Corrective migration|Request and query authorization|Cache invalidation,NARROW_PREREQUISITE,Separately approved narrow security containment before any sharing pilot,Server requires current friendship plus owner grant.|Cap is server enforced.|Unfriend/block/delete revoke transactionally.|Open/cache reads cannot retain revoked access.,DEP-008,Do not retest against real users. Prior finding timestamp retained.,"Fixture/source proof is not deployed, native-device, field, or user-acceptance proof.",
RQ-MEM-006,MEM-04|ENC-01,"Friend-visible regions never count as personal exploration, and a Cairn inside friend fog is not automatically an encounter.",CANDIDATE_AWAITING_DECISION,CANDIDATE_DESIGN,Full task §4 future requirements,Memory/Encounter boundary,Friends|Public Cairns,"Friend fog is a separate display union, but no Encounter domain exists and normal non-owner Cairn entry is disconnected.",UNIMPLEMENTED_DOMAIN_BOUNDARY,LATER_SLICE,PARTIAL,PARTIAL,PARTIAL,PARTIAL,UNKNOWN,UNKNOWN,SOURCE_ONLY,PARTIAL,NOT_CONFIRMED,No explicit page-level acceptance evidence found.,RQ-ENC-001,LATER_DOMAIN_WORK,Later Friends/Encounter scope,Personal completion metrics exclude friend fog.|Encounter requires separately approved eligibility/presentation evidence.,DEP-009,,"Fixture/source proof is not deployed, native-device, field, or user-acceptance proof.",
RQ-MEM-007,MEM-01|CAIRN-02|CAIRN-04,"Personal Memory can reopen an own Cairn, while friend/public Detail reachability is represented truthfully.",CONFIRMED_REQUIREMENT,AUDIT_RECOMMENDATION,Full task §9,Memory → Cairn Detail,,MemoryMap receives own markers and can open the own sheet/detail family. circleMarkers are not supplied; public pins are blurred/unpressable.,PARTIAL_INTEGRATION,LATER_SLICE,YES,PARTIAL,PARTIAL,UNKNOWN,UNKNOWN,UNKNOWN,REAL_WEB_MAPBOX,DIVERGENT,NOT_CONFIRMED,No explicit page-level acceptance evidence found.,,REUSE_EXISTING,Page sequence 3 then 6,Own Cairn opens one canonical Detail.|Non-owner state is not implied until normally reachable.,SRC-018|SRC-019|SRC-020,,"Fixture/source proof is not deployed, native-device, field, or user-acceptance proof.",
RQ-MEM-008,MEM-01|ENC-01,"Place/time revisiting, repeated visits, small groups, notifications, offline encounters, and NZ extensions receive explicit later dispositions.",CANDIDATE_AWAITING_DECISION,CANDIDATE_DESIGN,Full task §4 future requirements,Memory future domain,,These are not one current accepted implementation contract.,UNIMPLEMENTED_CANDIDATE_REQUIREMENTS,LATER_SLICE,NO,NO,NO,NO,NO,NO,NO_EVIDENCE,UNVERIFIED,NOT_CONFIRMED,No explicit page-level acceptance evidence found.,,PRODUCT_DECISION_REQUIRED,"Later Memory/Encounter/NZ discovery, not M0","Each concept receives a separate approved job, privacy boundary, and evidence plan before build.",SRC-006,,"Fixture/source proof is not deployed, native-device, field, or user-acceptance proof.",
RQ-FRI-001,FRI-01,Friend request/list/profile/block remains the accepted bounded social entry without leaking Memory authority.,CONFIRMED_REQUIREMENT,IMPLEMENTATION_FACT,Prior capability audit FRI-01 and full task §3,Friends,Memory,"Core friend UI/API exists; device privacy regression proof is unknown. Friends is an accepted DNA reference, not acceptance of Memory authorization.",DEVICE_AND_PRIVACY_EVIDENCE_GAP,KEEP_NO_CHANGE,YES,YES,PARTIAL,PARTIAL,UNKNOWN,UNKNOWN,EXISTING_COMPONENT_WITH_FIXTURE,MATCH,PARTIAL,Visual reference accepted; whole privacy contract not accepted.,,REUSE_EXISTING,Preserve until later authorization slice,Core friend flow does not regress.|Friend status alone never grants Memory access without approved owner authority.,DEP-010|SRC-003,,"Fixture/source proof is not deployed, native-device, field, or user-acceptance proof.",
RQ-SOC-001,AUTH-01|FRI-01|CAIRN-04,"Self, Friends, and Public are equally legitimate, low-interruption asynchronous value paths—not a feed, marketplace, or leaderboard.",CONFIRMED_REQUIREMENT,EXPLICIT_USER_DECISION,Full task §4 explicit core boundaries,Shared product model,Home|Friends|Memory|Cairns,Personal flows dominate current reachability; friend/public implementations are incomplete and no feed/leaderboard was found.,FUTURE_BALANCE_NOT_IMPLEMENTATION_AUTHORIZATION,KEEP_NO_CHANGE,PARTIAL,PARTIAL,PARTIAL,UNKNOWN,UNKNOWN,UNKNOWN,SOURCE_ONLY,PARTIAL,NOT_CONFIRMED,No explicit page-level acceptance evidence found.,,REUSE_EXISTING,Guardrail across later scopes,No future page turns Public into searchable engagement feed by default.|Each path retains its own privacy and retrieval model.,SRC-006,,"Fixture/source proof is not deployed, native-device, field, or user-acceptance proof.",
RQ-MOD-001,MOD-01,"Reports have an owned moderation queue, disposition, SLA, and appeal path before public operations expand.",CANDIDATE_AWAITING_DECISION,CANDIDATE_DESIGN,Full task §4 future requirements,Moderation future domain,,Report counters/auto-hide threshold exist; no moderation operations surface or owner was found.,UNIMPLEMENTED_CANDIDATE_REQUIREMENT,LATER_SLICE,NO,NO,NO,NO,NO,NO,NO_EVIDENCE,PARTIAL,NOT_CONFIRMED,No explicit page-level acceptance evidence found.,,PRODUCT_DECISION_REQUIRED,Later Public/Moderation scope,Named operational owner and tooling exist.|Disposition and appeal are auditable.|Auto-hide is not called moderation completion.,DEP-011,,"Fixture/source proof is not deployed, native-device, field, or user-acceptance proof.",
RQ-ENC-001,ENC-01,"Eligibility, presence, presentation, opening, saving, Thanks, and author notification are distinct privacy events.",CANDIDATE_AWAITING_DECISION,CANDIDATE_DESIGN,Full task §4 future requirements,Encounter future domain,Memory|Public Cairn Detail,No Encounter schema/API exists. Fog proximity and pins are not proof of presentation/opening.,UNIMPLEMENTED_CANDIDATE_REQUIREMENT,LATER_SLICE,NO,NO,NO,NO,NO,NO,NO_EVIDENCE,PARTIAL,NOT_CONFIRMED,No explicit page-level acceptance evidence found.,,PRODUCT_DECISION_REQUIRED,Later Encounter/Public scope,Events and retention are defined.|Implicit visitor location/time is not disclosed by default.|Offline reconciliation is explicit.,DEP-012,,"Fixture/source proof is not deployed, native-device, field, or user-acceptance proof.",
RQ-SET-001,SET-01|SET-02|SET-03,"Settings provides a coherent root for Account, Preferences, Privacy & Data, and Help & About.",CONFIRMED_REQUIREMENT,IMPLEMENTATION_FACT,Current Settings source and full task §8,Settings,,Four-group root and secondary pages exist and use shared visual components. Expo Web fixture shows strong theme alignment; dangerous actions were not invoked.,DEPLOYED_CONTRACT_AND_USER_ACCEPTANCE_GAP,KEEP_NO_CHANGE,YES,YES,YES,PARTIAL,UNKNOWN,UNKNOWN,EXISTING_COMPONENT_WITH_FIXTURE,MATCH,NOT_CONFIRMED,No explicit page-level acceptance evidence found.,,REUSE_EXISTING,Preserve UI; repair deployment contracts separately,Four-group structure remains clear.|Dangerous actions require confirmation and truthful server outcomes.|No visual shared change regresses Home/Friends/Auth.,VIS-025|VIS-032|VIS-039|VIS-041|TEST-001,,"Fixture/source proof is not deployed, native-device, field, or user-acceptance proof.",
RQ-SET-002,MAP-01,"Appearance Auto/Day/Sunset/Night, units, and haptics have real consumers across pages and overlays.",CONFIRMED_REQUIREMENT,IMPLEMENTATION_FACT,Current Settings/useScenicTimeState source; full task §9,Settings/shared theme,All scoped pages,"Appearance drives shared themes; units/haptics have consumers. Web map adapter substitutes outdoors-v12 for native Standard v3, so renderer parity is not implied.",CROSS_RENDERER_ACCEPTANCE_GAP,KEEP_NO_CHANGE,YES,YES,PARTIAL,PARTIAL,UNKNOWN,UNKNOWN,EXISTING_COMPONENT_WITH_FIXTURE,PARTIAL,NOT_CONFIRMED,No explicit page-level acceptance evidence found.,,REUSE_EXISTING,CARD-01 reviews priority pages; later page reviews retain regression checks,Day/Sunset/Night remain distinguishable.|Selected/unselected controls remain legible.|Unit/haptic changes affect documented consumers.,VIS-001|VIS-013|VIS-025|SRC-024,,"Fixture/source proof is not deployed, native-device, field, or user-acceptance proof.",
RQ-SET-003,SET-01,Feedback submission truthfully acknowledges or retries against the deployed service.,CONFIRMED_REQUIREMENT,IMPLEMENTATION_FACT,Prior capability SET-01; full task §5,Settings Help & About,,Client UI/service and local migration 035 exist; production endpoint/table were absent in prior verification. Audit did not submit feedback.,KNOWN_PRODUCTION_RELEASE_CONTRACT_P0,LATER_SLICE,YES,YES,YES,NO,UNKNOWN,NO,SOURCE_ONLY,PARTIAL,NOT_CONFIRMED,No explicit page-level acceptance evidence found.,Backend migration 035 and route deployment,NARROW_PREREQUISITE,Separately approved release-contract containment,Approved migration/backend deploy exists.|Device success/failure is verified in isolation.|Displayed acknowledgement matches server durability.,DEP-013,,"Fixture/source proof is not deployed, native-device, field, or user-acceptance proof.",
RQ-SET-004,SET-02,Export request/status/download includes the approved data contract and truthful expiry/failure behavior.,UNRESOLVED,IMPLEMENTATION_FACT,Prior capability SET-02; full task §5,Settings Privacy & Data,,Client and backend versions differ; current export list omits geometry. Audit performed only intercepted GET and triggered no export job.,DEPLOYMENT_AND_PRODUCT_CONTRACT_GAP,NEEDS_PRODUCT_DECISION,YES,YES,PARTIAL,PARTIAL,UNKNOWN,NO,SOURCE_ONLY,PARTIAL,NOT_CONFIRMED,No explicit page-level acceptance evidence found.,Export content/privacy decision,PRODUCT_DECISION_REQUIRED,Later Settings/release contract slice,Export contents are approved.|Deployed API matches client.|Privacy/expiry/download are device-tested in isolation.,DEP-014,,"Fixture/source proof is not deployed, native-device, field, or user-acceptance proof.",
RQ-SET-005,SET-03,Account deletion/restoration copy matches deployed timing and actual restore/sweep behavior.,CONFIRMED_REQUIREMENT,IMPLEMENTATION_FACT,Prior capability SET-03; full task §5,Settings Account/Auth,,O56 says seven-day restore; production previously used five minutes. Audit did not trigger deletion.,KNOWN_PRODUCTION_RELEASE_CONTRACT_P0,LATER_SLICE,YES,YES,YES,NO,UNKNOWN,NO,SOURCE_ONLY,PARTIAL,NOT_CONFIRMED,No explicit page-level acceptance evidence found.,Approved deletion contract|Backend deployment,NARROW_PREREQUISITE,Separately approved release-contract containment,"Approved timing is explicit.|Client, backend, cron, and policy match.|Restore/sweep are tested in isolation.",DEP-015,,"Fixture/source proof is not deployed, native-device, field, or user-acceptance proof.",
RQ-PAY-001,PAY-01,"Paid benefits, purchase, restore, testing, and promotion are approved and operational before commercial release.",CANDIDATE_AWAITING_DECISION,CANDIDATE_DESIGN,Full task §4 future requirements,Payments future domain,,SDK exists but O56 lacks the key and App Store/RevenueCat configuration is unknown. No purchase was attempted.,EXTERNAL_CONFIGURATION_AND_PRODUCT_DECISION_GAP,LATER_SLICE,YES,PARTIAL,PARTIAL,NO,UNKNOWN,NO,SOURCE_ONLY,PARTIAL,NOT_CONFIRMED,No explicit page-level acceptance evidence found.,,LATER_DOMAIN_WORK,Later commercial scope,Benefit/pricing is approved.|Store/offering/key are verified.|Purchase/restore is sandbox-tested.,DEP-016,,"Fixture/source proof is not deployed, native-device, field, or user-acceptance proof.",
RQ-PAY-002,PAY-02,Paid entitlement enforcement is server-authoritative and recoverable.,CANDIDATE_AWAITING_DECISION,CANDIDATE_DESIGN,Prior capability PAY-02,Payments backend future domain,,No webhook/event/entitlement schema exists; purchase cannot change server Memory limits.,UNIMPLEMENTED_CANDIDATE_REQUIREMENT,LATER_SLICE,NO,NO,NO,NO,NO,NO,NO_EVIDENCE,PARTIAL,NOT_CONFIRMED,No explicit page-level acceptance evidence found.,,LATER_DOMAIN_WORK,Later commercial scope,Signed idempotent lifecycle ingestion exists.|Server enforcement and recovery are tested.,DEP-017,,"Fixture/source proof is not deployed, native-device, field, or user-acceptance proof.",
RQ-MAP-001,MAP-01|ACT-01|ACT-02,"Hike/Run map, route, puck, legal controls, metrics, and bottom dock are distinguishable in Day/Sunset/Night on the actual iPhone renderer.",CONFIRMED_REQUIREMENT,EXPLICIT_USER_DECISION,"Full task §10, §11, and §15",Hike/Run native map presentation,Activity Detail|Memory,"Expo Web Hike/Run shows Map unavailable and validates surrounding chrome only. Historical phone images show native Mapbox, but not current O56/NZ. Native attribution collision is unverified.",NATIVE_VISUAL_EVIDENCE_GAP,CURRENT_SLICE,YES,YES,PARTIAL,PARTIAL,UNKNOWN,UNKNOWN,HISTORICAL_SCREENSHOT,PARTIAL,NOT_CONFIRMED,No explicit page-level acceptance evidence found.,,REUSE_EXISTING,CARD-01 — first iPhone Hike/Run evidence review,Actual native map/route/puck remain readable in all appearances.|Mapbox logo/info do not collide with core actions.|Small/large device risks are recorded.,VIS-001|HIST-001,,"Fixture/source proof is not deployed, native-device, field, or user-acceptance proof.",
RQ-MAP-002,MAP-01,"NZ warmup/offline map support states its real coverage, size, controls, and degradation.",UNRESOLVED,CANDIDATE_DESIGN,Prior capability MAP-01; full task §4 future requirements,Maps/NZ future domain,,Automatic rough bbox zoom 5–10 warmup exists without user control/status; account/device pack evidence is unknown.,DEVICE_AND_PRODUCT_DECISION_GAP,LATER_SLICE,YES,YES,PARTIAL,PARTIAL,UNKNOWN,PARTIAL,SOURCE_ONLY,PARTIAL,NOT_CONFIRMED,No explicit page-level acceptance evidence found.,,PRODUCT_DECISION_REQUIRED,Later NZ/offline scope,Coverage/size/status are measurable.|Offline copy matches actual tiles and legal constraints.|NZ device validation exists.,DEP-018,,"Fixture/source proof is not deployed, native-device, field, or user-acceptance proof.",
RQ-DIAG-001,DIAG-01,Debug/Clean/Raw evidence is reachable only in intended builds and cannot be confused with real field proof.,CONFIRMED_REQUIREMENT,AUDIT_RECOMMENDATION,"Full task §5, §13, and §15",Diagnostics/build gating,Hike|Run,"Debug route is build/debug gated; normal Settings has no entry. O55 tool access on the owner installed app is unknown. Audit observed automatic /api/edit-diag POST attempts even with debug disabled, all intercepted.",BUILD_GATE_AND_SIDE_EFFECT_EVIDENCE_GAP,LATER_SLICE,PARTIAL,PARTIAL,PARTIAL,PARTIAL,UNKNOWN,UNKNOWN,SOURCE_ONLY,PARTIAL,NOT_CONFIRMED,No explicit page-level acceptance evidence found.,Installed build identity,NARROW_PREREQUISITE,Device review only if entry is genuinely present; otherwise BLOCKED_BY_BUILD_GATE,Exact build gate is recorded.|Clean and Raw modes use actual UI names.|Telemetry consent/retention is explicit.|Simulation claims remain bounded.,RUNTIME-001|DEP-019,161 edit-diag POST attempts were safely blocked during this capture run.,"Fixture/source proof is not deployed, native-device, field, or user-acceptance proof.",
RQ-REL-002,REL-02,"External beta availability is proven by App Store Connect group/review/install evidence, not an EAS build alone.",CONFIRMED_REQUIREMENT,AUDIT_RECOMMENDATION,Prior capability REL-02; full task §5,App Store Connect owner,,Dashboard evidence is unavailable; no claim of TestFlight availability or device install is made.,EXTERNAL_DASHBOARD_EVIDENCE_GAP,LATER_SLICE,UNKNOWN,UNKNOWN,NO,UNKNOWN,UNKNOWN,NO,NO_EVIDENCE,PARTIAL,NOT_CONFIRMED,No explicit page-level acceptance evidence found.,,LATER_DOMAIN_WORK,Owner release verification,Redacted build/group/review and tester install evidence exists.,DEP-020,,"Fixture/source proof is not deployed, native-device, field, or user-acceptance proof.",
RQ-SEC-001,MEM-05|MEM-07,Known friend-fog authorization exposure is contained before sharing pilot or friend Memory review.,CONFIRMED_REQUIREMENT,AUDIT_RECOMMENDATION,"Prior fact audit SUMMARY/HANDOFF, retained without live retest",Backend authorization,Memory|Friends,Prior evidence found arbitrary-user subscription/cap bypass and /circle/fog authorization gaps in production. No real-user vulnerability test was performed in this audit.,KNOWN_PRODUCTION_SECURITY_P0,LATER_SLICE,PARTIAL,PARTIAL,PARTIAL,NO,UNKNOWN,NO,SOURCE_ONLY,PARTIAL,NOT_CONFIRMED,No explicit page-level acceptance evidence found.,Explicit approval for backend containment/deploy,NARROW_PREREQUISITE,"Separately approved narrow containment, not CARD-01",Corrective migration is present and applied.|Request and query checks enforce current authorized relationship.|Revoke/block/delete purge access and cache.|Isolated regression proof exists.,DEP-008,,"Fixture/source proof is not deployed, native-device, field, or user-acceptance proof.",
RQ-OFFLINE-001,CAIRN-01|ROUTE-02|ACT-03,"Local save, server sync, refinement, and usability remain independent states with truthful recovery.",CONFIRMED_REQUIREMENT,EXPLICIT_USER_DECISION,Full task §4 and §13,Shared offline/status contract,Activity Detail|Route Detail|Cairn Detail,"Stores distinguish several states, but page copy and real executors are uneven; route usability and final refinement can be conflated.",SHARED_STATUS_CONTRACT_GAP,LATER_SLICE,PARTIAL,PARTIAL,YES,PARTIAL,UNKNOWN,UNKNOWN,EXISTING_COMPONENT_WITH_FIXTURE,PARTIAL,NOT_CONFIRMED,No explicit page-level acceptance evidence found.,,SHARED_VISUAL_FIX,"Resolve page-by-page, starting Activity Detail",Each label maps to persistence and an executor.|Failure/retry states are reachable.|Usability is not inferred from local save alone.,TEST-001|VIS-019,,"Fixture/source proof is not deployed, native-device, field, or user-acceptance proof.",
RQ-FINAL-001,ACT-03|ROUTE-02,"Any Refining/later enhancement state has a real durable executor that survives relaunch/offline, or the UI states that no automatic work exists.",CONFIRMED_REQUIREMENT,AUDIT_RECOMMENDATION,Full task §5 and §13,Activity finalization worker,Activity Detail|Route Editor,One-off post-Finish work and state enums exist; no durable reconnect Final worker was proven.,STATE_WITHOUT_WORKER,LATER_SLICE,PARTIAL,PARTIAL,PARTIAL,PARTIAL,UNKNOWN,UNKNOWN,SOURCE_ONLY,PARTIAL,NOT_CONFIRMED,No explicit page-level acceptance evidence found.,,NARROW_PREREQUISITE,Activity Detail truth slice,Executor ownership/persistence is explicit.|Relaunch/offline recovery is tested.|Retry invokes real work.,DEP-002,,"Fixture/source proof is not deployed, native-device, field, or user-acceptance proof.",
