qaSessionId,activityName,intendedSelection,actualVariant,eventTimestampShanghai,rawOrdinal,nativeTimestampMs,dtPreviousRawMs,rawDisplacementM,cairnAccuracyM,cairnSpeedMps,cairnCourseDeg,filterDecision,decisionReason,finalDisposition,shapeSourceTimestampShanghai,callbackToShapeSourceMs,nearestRnmapboxEventShanghai,rnmapboxSourceTimestampMs,rnmapboxMinusCairnSourceMs,rnmapboxSourceIntervalMs,rnmapboxDisplacementM,rnmapboxAccuracyM,rnmapboxToLatestCairnRawM,rnmapboxToLatestCanonicalM
qa-mtwajfzr-1w5yy6u6,5m,5 m baseline,distanceFilter5,2026-09-11T09:42:02.036,1,1789090921974,,,26.93,,,REJECT,poor-horizontal-accuracy,REJECT,,,2026-09-11T09:42:02.035,1789090921000,-974,6000,12.37,26.93,,
qa-mtwajfzr-1w5yy6u6,5m,5 m baseline,distanceFilter5,2026-09-11T09:42:07.901,2,1789090927877,5903,7.09,26.92,,,REJECT,poor-horizontal-accuracy,REJECT,,,2026-09-11T09:42:07.899,1789090927000,-877,6000,7.09,26.92,7.09,
qa-mtwajfzr-1w5yy6u6,5m,5 m baseline,distanceFilter5,2026-09-11T09:42:14.155,3,1789090934120,6243,20.69,26.93,,,REJECT,poor-horizontal-accuracy,REJECT,,,2026-09-11T09:42:14.151,1789090934000,-120,7000,20.69,26.93,20.69,
qa-mtwajfzr-1w5yy6u6,5m,5 m baseline,distanceFilter5,2026-09-11T09:42:20.025,4,1789090940007,5887,21.33,26.92,,,REJECT,poor-horizontal-accuracy,REJECT,,,2026-09-11T09:42:20.023,1789090940000,-7,6000,21.33,26.92,21.33,
qa-mtwajfzr-1w5yy6u6,5m,5 m baseline,distanceFilter5,2026-09-11T09:42:25.918,5,1789090945895,5888,5.17,21.95,,,ACCEPT,first-trusted-fix,ACCEPT_CANONICAL,2026-09-11T09:42:25.959,41,2026-09-11T09:42:25.915,1789090945000,-895,5000,5.17,21.95,5.17,
qa-mtwajfzr-1w5yy6u6,5m,5 m baseline,distanceFilter5,2026-09-11T09:42:38.022,6,1789090958002,12107,16.4,24.93,,,ACCEPT,coherent-motion,ACCEPT_CANONICAL,2026-09-11T09:42:38.067,45,2026-09-11T09:42:38.018,1789090958000,-2,6000,18.3,24.93,16.4,16.4
qa-mtwajfzr-1w5yy6u6,5m,5 m baseline,distanceFilter5,2026-09-11T09:42:44.344,7,1789090964281,6279,6.87,14.09,0,,QUARANTINE,possible-stationary-jitter,QUARANTINED_NOT_CANONICAL,,,2026-09-11T09:42:44.056,1789090964000,-281,6000,3.58,26.92,3.58,3.58
qa-mtwajfzr-1w5yy6u6,5m,5 m baseline,distanceFilter5,2026-09-11T09:42:54.119,8,1789090974040,9759,1.48,5.54,1.01,,ACCEPT,coherent-motion,ACCEPT_CANONICAL,2026-09-11T09:42:54.151,32,2026-09-11T09:42:54.114,1789090974000,-40,1000,0.78,5.54,1.48,8.34
qa-mtwajfzr-1w5yy6u6,5m,5 m baseline,distanceFilter5,2026-09-11T09:43:00.106,9,1789090980026,5986,5.28,7.3,0.88,,ACCEPT,coherent-motion,ACCEPT_CANONICAL,2026-09-11T09:43:00.138,32,2026-09-11T09:43:00.101,1789090980000,-26,1000,0.94,7.3,5.28,5.28
qa-mtwajfzr-1w5yy6u6,5m,5 m baseline,distanceFilter5,2026-09-11T09:43:10.101,10,1789090990012,9986,5.42,14.25,0.04,,QUARANTINE,possible-stationary-jitter,QUARANTINED_NOT_CANONICAL,,,2026-09-11T09:43:10.093,1789090990000,-12,1000,0.75,14.25,5.42,5.42
qa-mtwajfzr-1w5yy6u6,5m,5 m baseline,distanceFilter5,2026-09-11T09:43:17.099,11,1789090997007,6995,10.93,14.25,1.01,,ACCEPT,coherent-motion,ACCEPT_CANONICAL,2026-09-11T09:43:17.133,34,2026-09-11T09:43:17.093,1789090997000,-7,1000,7.99,14.25,10.93,16.3
qa-mtwajfzr-1w5yy6u6,5m,5 m baseline,distanceFilter5,2026-09-11T09:43:22.099,12,1789091002004,4997,5.34,14.25,1.01,,ACCEPT,coherent-motion,ACCEPT_CANONICAL,2026-09-11T09:43:22.136,37,2026-09-11T09:43:22.087,1789091002000,-4,1000,1.59,14.25,5.34,5.34
qa-mtwajfzr-1w5yy6u6,5m,5 m baseline,distanceFilter5,2026-09-11T09:43:25.101,13,1789091005003,2999,5.9,14.25,1.05,,ACCEPT,coherent-motion,ACCEPT_CANONICAL,2026-09-11T09:43:25.137,36,2026-09-11T09:43:25.089,1789091005000,-3,1000,2.31,14.25,5.9,5.9
qa-mtwajfzr-1w5yy6u6,5m,5 m baseline,distanceFilter5,2026-09-11T09:43:28.102,14,1789091008002,2999,5.58,14.25,1.06,,ACCEPT,coherent-motion,ACCEPT_CANONICAL,2026-09-11T09:43:28.137,35,2026-09-11T09:43:28.090,1789091008000,-2,1000,1.35,14.25,5.58,5.58
qa-mtwajfzr-1w5yy6u6,5m,5 m baseline,distanceFilter5,2026-09-11T09:43:33.096,15,1789091013001,4999,5.12,14.25,0.95,,ACCEPT,coherent-motion,ACCEPT_CANONICAL,2026-09-11T09:43:33.134,38,2026-09-11T09:43:33.087,1789091013000,-1,1000,1.05,14.25,5.12,5.12
qa-mtwajfzr-1w5yy6u6,5m,5 m baseline,distanceFilter5,2026-09-11T09:43:38.091,16,1789091018000,4999,5.27,14.25,0.96,,ACCEPT,coherent-motion,ACCEPT_CANONICAL,2026-09-11T09:43:38.130,39,2026-09-11T09:43:38.078,1789091018000,0,1000,1.49,14.25,5.27,5.27
qa-mtwamspt-nrelihji,1m,1 m experiment,distanceFilter5,2026-09-11T09:44:37.300,1,1789091077251,,,13.97,0.04,,ACCEPT,first-trusted-fix,ACCEPT_CANONICAL,2026-09-11T09:44:37.316,16,2026-09-11T09:44:37.299,1789091077000,-251,1000,0.6,13.97,,
qa-mtwamspt-nrelihji,1m,1 m experiment,distanceFilter5,2026-09-11T09:44:40.072,2,1789091079997,2746,1.34,5.74,0.07,,ACCEPT,coherent-motion,SUPPRESSED_NOT_CANONICAL,,,2026-09-11T09:44:41.069,1789091080000,3,1000,0.85,5.54,0.85,1.89
qa-mtwamspt-nrelihji,1m,1 m experiment,distanceFilter5,2026-09-11T09:44:44.076,3,1789091083998,4001,5.79,4.87,0.32,,QUARANTINE,possible-stationary-jitter,QUARANTINED_NOT_CANONICAL,,,2026-09-11T09:44:45.077,1789091084000,2,1000,1.68,4.65,1.68,7.72
qa-mtwamspt-nrelihji,1m,1 m experiment,distanceFilter5,2026-09-11T09:44:51.077,4,1789091090998,7000,7.82,13.17,0.07,,ACCEPT,coherent-motion,ACCEPT_CANONICAL,2026-09-11T09:44:51.115,38,2026-09-11T09:44:52.087,1789091091000,2,1000,5.34,14.24,5.34,5.34
qa-mtwamspt-nrelihji,1m,1 m experiment,distanceFilter5,2026-09-11T09:44:52.091,5,1789091091998,1000,5.34,14.24,0.24,,QUARANTINE,possible-stationary-jitter,QUARANTINED_NOT_CANONICAL,,,2026-09-11T09:44:53.089,1789091092000,2,1000,1.74,14.25,1.74,5.51
qa-mtwamspt-nrelihji,1m,1 m experiment,distanceFilter5,2026-09-11T09:44:56.088,6,1789091095998,4000,6.42,14.25,1.19,,QUARANTINE,candidate-awaiting-second-fix,QUARANTINED_NOT_CANONICAL,,,2026-09-11T09:44:57.087,1789091096000,2,1000,1.37,14.25,1.37,8.53
qa-mtwamspt-nrelihji,1m,1 m experiment,distanceFilter5,2026-09-11T09:45:00.095,7,1789091099999,4001,5.62,14.25,1.29,,ACCEPT,candidate-timeout,ACCEPT_CANONICAL,2026-09-11T09:45:00.137,42,2026-09-11T09:45:01.080,1789091100000,1,1000,1.72,14.25,1.72,1.72
qa-mtwamspt-nrelihji,1m,1 m experiment,distanceFilter5,2026-09-11T09:45:04.095,8,1789091103999,4000,5.49,14.25,1.42,,ACCEPT,coherent-motion,ACCEPT_CANONICAL,2026-09-11T09:45:04.132,37,2026-09-11T09:45:05.090,1789091104000,1,1000,1.58,14.25,1.58,1.58
qa-mtwamspt-nrelihji,1m,1 m experiment,distanceFilter5,2026-09-11T09:45:09.094,9,1789091108999,5000,6.28,14.25,1.11,,ACCEPT,coherent-motion,ACCEPT_CANONICAL,2026-09-11T09:45:09.132,38,2026-09-11T09:45:10.087,1789091109000,1,1000,1.36,14.25,1.36,1.36
qa-mtwamspt-nrelihji,1m,1 m experiment,distanceFilter5,2026-09-11T09:45:20.096,10,1789091119999,11000,5.97,14.25,0.6,,ACCEPT,coherent-motion,ACCEPT_CANONICAL,2026-09-11T09:45:20.133,37,2026-09-11T09:45:21.087,1789091120000,1,1000,1.67,14.25,1.67,1.67
qa-mtwamspt-nrelihji,1m,1 m experiment,distanceFilter5,2026-09-11T09:45:24.090,11,1789091123999,4000,5.88,14.25,0.4,,QUARANTINE,possible-stationary-jitter,CONFIRMED_CANONICAL,2026-09-11T09:45:28.158,4068,2026-09-11T09:45:25.081,1789091124000,1,1000,1.53,14.25,1.53,7.31
qa-mtwamspt-nrelihji,1m,1 m experiment,distanceFilter5,2026-09-11T09:45:28.102,12,1789091127999,4000,6.09,14.25,1.22,,ACCEPT,candidate-new-direction-confirmed,ACCEPT_CANONICAL,2026-09-11T09:45:28.158,56,2026-09-11T09:45:29.092,1789091128000,1,1000,1.25,14.25,1.25,1.25
qa-mtwamspt-nrelihji,1m,1 m experiment,distanceFilter5,2026-09-11T09:45:33.101,13,1789091132999,5000,6.22,14.25,1.18,,ACCEPT,coherent-motion,ACCEPT_CANONICAL,2026-09-11T09:45:33.138,37,2026-09-11T09:45:34.085,1789091133000,1,1000,1.66,14.25,1.66,1.66
qa-mtwamspt-nrelihji,1m,1 m experiment,distanceFilter5,2026-09-11T09:45:37.099,14,1789091136999,4000,5.13,14.25,1.08,,ACCEPT,coherent-motion,ACCEPT_CANONICAL,2026-09-11T09:45:37.142,43,2026-09-11T09:45:38.091,1789091137000,1,1000,1.81,14.25,1.81,1.81
qa-mtwamspt-nrelihji,1m,1 m experiment,distanceFilter5,2026-09-11T09:45:41.105,15,1789091140999,4000,6.2,14.25,1.06,,ACCEPT,coherent-motion,ACCEPT_CANONICAL,2026-09-11T09:45:41.146,41,2026-09-11T09:45:42.090,1789091141000,1,1000,1.47,14.25,1.47,1.47
qa-mtwamspt-nrelihji,1m,1 m experiment,distanceFilter5,2026-09-11T09:45:46.105,16,1789091145999,5000,5.7,14.25,1.17,,ACCEPT,coherent-motion,ACCEPT_CANONICAL,2026-09-11T09:45:46.149,44,2026-09-11T09:45:47.083,1789091146000,1,1000,1.29,14.25,1.29,1.29
qa-mtwamspt-nrelihji,1m,1 m experiment,distanceFilter5,2026-09-11T09:45:51.093,17,1789091150999,5000,5.24,14.25,0.85,,ACCEPT,coherent-motion,ACCEPT_CANONICAL,2026-09-11T09:45:51.137,44,2026-09-11T09:45:52.080,1789091151000,1,1000,0.7,14.25,0.7,0.7
qa-mtwamspt-nrelihji,1m,1 m experiment,distanceFilter5,2026-09-11T09:45:57.108,18,1789091156999,6000,5.88,14.25,1.22,,ACCEPT,coherent-motion,ACCEPT_CANONICAL,2026-09-11T09:45:57.154,46,2026-09-11T09:45:58.092,1789091157000,1,1000,0.78,14.25,0.78,0.78
qa-mtwamspt-nrelihji,1m,1 m experiment,distanceFilter5,2026-09-11T09:46:03.104,19,1789091162999,6000,5.37,14.25,0.4,,QUARANTINE,possible-stationary-jitter,QUARANTINED_NOT_CANONICAL,,,2026-09-11T09:46:04.091,1789091163000,1,1000,0.88,14.25,0.88,6.06
qa-mtwamspt-nrelihji,1m,1 m experiment,distanceFilter5,2026-09-11T09:46:10.103,20,1789091169999,7000,5.13,14.25,0.1,,QUARANTINE,possible-stationary-jitter,QUARANTINED_NOT_CANONICAL,,,2026-09-11T09:46:11.086,1789091170000,1,1000,0.41,14.25,0.41,9.09
qa-mtwamspt-nrelihji,1m,1 m experiment,distanceFilter5,2026-09-11T09:46:18.104,21,1789091177999,8000,5.73,14.25,0.87,,ACCEPT,coherent-motion,ACCEPT_CANONICAL,2026-09-11T09:46:18.152,48,2026-09-11T09:46:19.092,1789091178000,1,1000,0.2,14.25,0.2,0.2
