qaSessionId,eventTimestampUtc,eventTimestampShanghai,eventType,activityState,appState,providerSource,sampleSource,rawOrdinal,nativeTimestampUtc,rawInterArrivalMs,acceptedInterArrivalMs,callbackDelayMs,horizontalAccuracyM,verticalAccuracyM,speedValid,speedMps,courseValid,decision,decisionReason,decisionLatencyMs,dtFromTrustedMs,displacementFromTrustedM,impliedSpeedMps,accuracyAdjustedSpeedMps,trajectoryInnovationM,headingDeltaDeg,motionState,candidateId,segmentSuffix,journalLatencyMs,commitToStoreMs,mapSourceRequestUtc,callbackToMapRequestMs,nativeToMapRequestMs,routePointCount,latestAcceptedAgeMs,notes
qa-mtvixnmb-iim3w848,2026-09-10T12:49:12.659Z,2026-09-10T20:49:12.659+08:00,qa_session_started,idle,,real,,,,,,,,,,,,,,,,,,,,,,,,,,,,,,,"{""buildCapable"":true}"
qa-mtvixnmb-iim3w848,2026-09-10T12:49:12.660Z,2026-09-10T20:49:12.660+08:00,activity_provider_selected,idle,,real,,,,,,,,,,,,,,,,,,,,,,,,,,,,,,,"{""requestedSource"":""real"",""startConfigured"":false,""activityMode"":""hiking""}"
qa-mtvixnmb-iim3w848,2026-09-10T12:49:12.660Z,2026-09-10T20:49:12.660+08:00,activity_start_requested,requesting,,real,,,,,,,,,,,,,,,,,,,,,,,,,,,,,,,"{""activityMode"":""hiking"",""providerSource"":""real"",""ownerGenerationSuffix"":""7a010fcd""}"
qa-mtvixnmb-iim3w848,2026-09-10T12:49:12.826Z,2026-09-10T20:49:12.826+08:00,activity_background_authority_v2,requesting,active,real,,,,,,,,,,,,,authorization-refreshed,,,,,,,,,,,,,,,,,,"{""phase"":""authorization-refreshed"",""permissionState"":""foreground-only"",""canAskAgain"":true,""requestAttempted"":false,""appState"":""active"",""foregroundWatcherActive"":false,""backgroundTaskActive"":false,""ownerGenerationSuffix"":""7a010fcd""}"
qa-mtvixnmb-iim3w848,2026-09-10T12:49:12.826Z,2026-09-10T20:49:12.826+08:00,activity_background_authority_v2,requesting,active,real,,,,,,,,,,,,,native-task-stop,,,,,,,,,,,,,,,,,,"{""phase"":""native-task-stop"",""nativeWasStarted"":false,""stopSucceeded"":true,""appState"":""active"",""ownerGenerationSuffix"":""7a010fcd""}"
qa-mtvixnmb-iim3w848,2026-09-10T12:49:12.826Z,2026-09-10T20:49:12.826+08:00,background_location_authorization_refreshed,requesting,,real,,,,,,,,,,,,,,,,,,,,,,,,,,,,,,,"{""permissionState"":""foreground-only"",""canAskAgain"":true,""requestAttempted"":false}"
qa-mtvixnmb-iim3w848,2026-09-10T12:49:12.826Z,2026-09-10T20:49:12.826+08:00,real_activity_background_task_stopped,requesting,active,real,,,,,,,,,,,,,,,,,,,,,,,,,,,,,,,"{""nativeWasStarted"":false,""stopSucceeded"":true,""appState"":""active"",""ownerGenerationSuffix"":""7a010fcd""}"
qa-mtvixnmb-iim3w848,2026-09-10T12:49:12.828Z,2026-09-10T20:49:12.828+08:00,real_activity_location_source_activated,requesting,,real,foreground,,,,,,,,,,,,,,,,,,,,,,,,,,,,,,"{""sampleSource"":""foreground"",""requestedIntervalMs"":3000,""requestedDistanceM"":5}"
qa-mtvixnmb-iim3w848,2026-09-10T12:49:12.837Z,2026-09-10T20:49:12.837+08:00,activity_tracking_started,tracking,,real,,,,,,,,,,,,,,,,,,,,,,,,,,,,,,,"{""activityMode"":""hiking"",""providerSource"":""real"",""currentSegmentId"":""0bc1e2b2""}"
qa-mtvixnmb-iim3w848,2026-09-10T12:49:12.838Z,2026-09-10T20:49:12.838+08:00,activity_telemetry_health_v2,tracking,active,real,,0,,,,,,,,,,,,,,,,,,,,,,,,,,,0,,"{""reason"":""tracking-started"",""expectedRawOrdinalHighWatermark"":0,""retainedObservationDeficit"":0,""retainedDecisionDeficit"":0,""rawPointCount"":0,""canonicalPointCount"":0,""pendingCandidate"":false,""latestAcceptedAgeMs"":null,""backgroundTaskActive"":false,""appState"":""active"",""retainedEventCount"":13,""retainedBytes"":8288,""retainedCriticalCount"":10,""retainedObservationCount"":0,""retainedDecisionCount"":0,""uploadCount"":1,""consecutiveUploadFailures"":0,""lastUploadAt"":1789044552739}"
qa-mtvixnmb-iim3w848,2026-09-10T12:49:17.662Z,2026-09-10T20:49:17.662+08:00,cairn_raw_fix_decision,tracking,active,real,foreground,1,2026-09-10T12:49:17.614Z,,,48,30.64,30,false,,false,REJECT,poor-horizontal-accuracy,0,,,,,,,acquiring,,0bc1e2b2,,,,,,,,
qa-mtvixnmb-iim3w848,2026-09-10T12:49:22.847Z,2026-09-10T20:49:22.847+08:00,activity_background_authority_v2,tracking,active,real,,,,,,,,,,,,,native-task-stop,,,,,,,,,,,,,,,,,,"{""phase"":""native-task-stop"",""nativeWasStarted"":false,""stopSucceeded"":true,""appState"":""active"",""ownerGenerationSuffix"":""7a010fcd""}"
qa-mtvixnmb-iim3w848,2026-09-10T12:49:22.847Z,2026-09-10T20:49:22.847+08:00,real_activity_background_task_stopped,tracking,active,real,,,,,,,,,,,,,,,,,,,,,,,,,,,,,,,"{""nativeWasStarted"":false,""stopSucceeded"":true,""appState"":""active"",""ownerGenerationSuffix"":""7a010fcd""}"
qa-mtvixnmb-iim3w848,2026-09-10T12:49:22.855Z,2026-09-10T20:49:22.855+08:00,real_activity_location_source_activated,tracking,,real,foreground,,,,,,,,,,,,,,,,,,,,,,,,,,,,,,"{""sampleSource"":""foreground"",""requestedIntervalMs"":2000,""requestedDistanceM"":5}"
qa-mtvixnmb-iim3w848,2026-09-10T12:49:22.860Z,2026-09-10T20:49:22.860+08:00,cairn_raw_fix_decision,tracking,active,real,foreground,2,2026-09-10T12:49:18.489Z,875,,4371,34.83,30,false,,false,REJECT,poor-horizontal-accuracy,0,,,,,,,acquiring,,0bc1e2b2,,,,,,,,
qa-mtvixnmb-iim3w848,2026-09-10T12:49:25.168Z,2026-09-10T20:49:25.168+08:00,cairn_raw_fix_decision,tracking,active,real,foreground,3,2026-09-10T12:49:25.133Z,6644,,35,23.33,30,false,,false,ACCEPT,first-trusted-fix,0,,,,,,,acquiring,,0bc1e2b2,25,1,2026-09-10T12:49:25.207Z,39,74,1,,
qa-mtvixnmb-iim3w848,2026-09-10T12:49:26.553Z,2026-09-10T20:49:26.553+08:00,rnmapbox_userlocation_source_snapshot,tracking,,rnmapbox-apple-location-provider,mapbox-userlocation,,2026-09-10T12:49:25.000Z,,,1553,23.33190958222498,,false,-1,,,coalesced-source-observation,,,,,,,,,,,,,,,,,,"{""repeatCount"":32,""firstObservedAt"":1789044552742,""firstSequenceTimestamp"":1789044549000,""altitudeAvailable"":true}"
qa-mtvixnmb-iim3w848,2026-09-10T12:49:26.838Z,2026-09-10T20:49:26.838+08:00,app_backgrounded,tracking,inactive,real,,,,,,,,,,,,,,,,,,,,,,,,,,,,,,1705,"{""appState"":""inactive"",""backgroundPermissionState"":""foreground-only"",""cachedBackgroundGranted"":false,""foregroundWatcherActive"":true,""backgroundTaskActive"":false,""latestAcceptedAgeMs"":1705,""ownerGenerationSuffix"":""7a010fcd""}"
qa-mtvixnmb-iim3w848,2026-09-10T12:49:26.845Z,2026-09-10T20:49:26.845+08:00,activity_background_authority_v2,tracking,inactive,real,,,,,,,,,,,,,authorization-refreshed,,,,,,,,,,,,,,,,,,"{""phase"":""authorization-refreshed"",""permissionState"":""foreground-only"",""canAskAgain"":true,""requestAttempted"":false,""appState"":""inactive"",""foregroundWatcherActive"":false,""backgroundTaskActive"":false,""ownerGenerationSuffix"":""7a010fcd""}"
qa-mtvixnmb-iim3w848,2026-09-10T12:49:26.845Z,2026-09-10T20:49:26.845+08:00,background_location_authorization_refreshed,tracking,,real,,,,,,,,,,,,,,,,,,,,,,,,,,,,,,,"{""permissionState"":""foreground-only"",""canAskAgain"":true,""requestAttempted"":false}"
qa-mtvixnmb-iim3w848,2026-09-10T12:49:26.867Z,2026-09-10T20:49:26.867+08:00,activity_background_authority_v2,tracking,inactive,real,,,,,,,,,,,,,native-task-stop,,,,,,,,,,,,,,,,,,"{""phase"":""native-task-stop"",""nativeWasStarted"":false,""stopSucceeded"":true,""appState"":""inactive"",""ownerGenerationSuffix"":""7a010fcd""}"
qa-mtvixnmb-iim3w848,2026-09-10T12:49:26.867Z,2026-09-10T20:49:26.867+08:00,real_activity_background_source_unavailable,tracking,,real,,,,,,,,,,,,,background-permission-not-granted,,,,,,,,,,,,,,,,,,"{""unavailableReason"":""background-permission-not-granted""}"
qa-mtvixnmb-iim3w848,2026-09-10T12:49:26.867Z,2026-09-10T20:49:26.867+08:00,real_activity_background_task_stopped,tracking,inactive,real,,,,,,,,,,,,,,,,,,,,,,,,,,,,,,,"{""nativeWasStarted"":false,""stopSucceeded"":true,""appState"":""inactive"",""ownerGenerationSuffix"":""7a010fcd""}"
qa-mtvixnmb-iim3w848,2026-09-10T12:49:26.889Z,2026-09-10T20:49:26.889+08:00,activity_recording_gap_opened,tracking,,real,,,,,,,,,,,,,background-provider-unavailable,,,,,,,,,,514fdef5,,,,,,,,"{""gapReason"":""background-provider-unavailable"",""previousSegmentId"":""0bc1e2b2"",""nextSegmentId"":""514fdef5""}"
qa-mtvixnmb-iim3w848,2026-09-10T12:49:26.889Z,2026-09-10T20:49:26.889+08:00,activity_segment_decision_v2,tracking,,real,,,,,,,,,,,,new-segment,background-provider-unavailable,,,,,,,,,,514fdef5,,,,,,,,"{""decision"":""new-segment"",""trigger"":""background-provider-unavailable"",""previousSegmentId"":""0bc1e2b2"",""nextSegmentId"":""514fdef5"",""continuityAllowed"":false,""distanceContributionM"":0,""elevationContributionM"":0,""memoryBridgeAllowed"":false}"
qa-mtvixnmb-iim3w848,2026-09-10T12:49:28.639Z,2026-09-10T20:49:28.639+08:00,rnmapbox_userlocation_source_snapshot,tracking,,rnmapbox-apple-location-provider,mapbox-userlocation,,2026-09-10T12:49:25.000Z,,,3639,23.33190958222498,,false,-1,,,coalesced-source-observation,,,,,,,,,,,,,,,,,,"{""repeatCount"":54,""firstObservedAt"":1789044552742,""firstSequenceTimestamp"":1789044549000,""altitudeAvailable"":true}"
qa-mtvixnmb-iim3w848,2026-09-10T12:49:30.415Z,2026-09-10T20:49:30.415+08:00,rnmapbox_userlocation_source_snapshot,tracking,,rnmapbox-apple-location-provider,mapbox-userlocation,,2026-09-10T12:49:25.000Z,,,5415,23.33190958222498,,false,-1,,,coalesced-source-observation,,,,,,,,,,,,,,,,,,"{""repeatCount"":63,""firstObservedAt"":1789044552742,""firstSequenceTimestamp"":1789044549000,""altitudeAvailable"":true}"
qa-mtvixnmb-iim3w848,2026-09-10T12:49:30.450Z,2026-09-10T20:49:30.450+08:00,app_foregrounded,tracking,active,real,,,,,,,,,,,,,,,,,,,,,,,,,,,,,,5317,"{""appState"":""active"",""backgroundPermissionState"":""foreground-only"",""cachedBackgroundGranted"":false,""foregroundWatcherActive"":false,""backgroundTaskActive"":false,""latestAcceptedAgeMs"":5317,""ownerGenerationSuffix"":""7a010fcd""}"
qa-mtvixnmb-iim3w848,2026-09-10T12:49:32.454Z,2026-09-10T20:49:32.454+08:00,real_activity_foreground_takeover,tracking,active,real,,,,,,,,,,,,,started,,,,,,,,,,,,,,,,,7321,"{""phase"":""started"",""appState"":""active"",""backgroundTaskActive"":false,""latestAcceptedAgeMs"":7321}"
qa-mtvixnmb-iim3w848,2026-09-10T12:49:32.458Z,2026-09-10T20:49:32.458+08:00,activity_background_authority_v2,tracking,active,real,,,,,,,,,,,,,native-task-stop,,,,,,,,,,,,,,,,,,"{""phase"":""native-task-stop"",""nativeWasStarted"":false,""stopSucceeded"":true,""appState"":""active"",""ownerGenerationSuffix"":""7a010fcd""}"
qa-mtvixnmb-iim3w848,2026-09-10T12:49:32.458Z,2026-09-10T20:49:32.458+08:00,real_activity_background_task_stopped,tracking,active,real,,,,,,,,,,,,,,,,,,,,,,,,,,,,,,,"{""nativeWasStarted"":false,""stopSucceeded"":true,""appState"":""active"",""ownerGenerationSuffix"":""7a010fcd""}"
qa-mtvixnmb-iim3w848,2026-09-10T12:49:32.460Z,2026-09-10T20:49:32.460+08:00,real_activity_background_drain,tracking,,real,,,,,,,,,,,,,,,,,,,,,,,,,,,,,,,"{""reason"":""foreground-takeover"",""drainedCount"":0,""ordered"":true}"
qa-mtvixnmb-iim3w848,2026-09-10T12:49:32.464Z,2026-09-10T20:49:32.464+08:00,activity_background_authority_v2,tracking,active,real,,,,,,,,,,,,,authorization-refreshed,,,,,,,,,,,,,,,,,,"{""phase"":""authorization-refreshed"",""permissionState"":""foreground-only"",""canAskAgain"":true,""requestAttempted"":false,""appState"":""active"",""foregroundWatcherActive"":false,""backgroundTaskActive"":false,""ownerGenerationSuffix"":""7a010fcd""}"
qa-mtvixnmb-iim3w848,2026-09-10T12:49:32.464Z,2026-09-10T20:49:32.464+08:00,background_location_authorization_refreshed,tracking,,real,,,,,,,,,,,,,,,,,,,,,,,,,,,,,,,"{""permissionState"":""foreground-only"",""canAskAgain"":true,""requestAttempted"":false}"
qa-mtvixnmb-iim3w848,2026-09-10T12:49:32.468Z,2026-09-10T20:49:32.468+08:00,activity_background_authority_v2,tracking,active,real,,,,,,,,,,,,,native-task-stop,,,,,,,,,,,,,,,,,,"{""phase"":""native-task-stop"",""nativeWasStarted"":false,""stopSucceeded"":true,""appState"":""active"",""ownerGenerationSuffix"":""7a010fcd""}"
qa-mtvixnmb-iim3w848,2026-09-10T12:49:32.468Z,2026-09-10T20:49:32.468+08:00,real_activity_background_task_stopped,tracking,active,real,,,,,,,,,,,,,,,,,,,,,,,,,,,,,,,"{""nativeWasStarted"":false,""stopSucceeded"":true,""appState"":""active"",""ownerGenerationSuffix"":""7a010fcd""}"
qa-mtvixnmb-iim3w848,2026-09-10T12:49:32.474Z,2026-09-10T20:49:32.474+08:00,real_activity_foreground_takeover,tracking,,real,,,,,,,,,,,,,completed,,,,,,,,,,,,,,,,,,"{""phase"":""completed"",""drainedCount"":0,""foregroundWatcherActive"":true,""backgroundTaskActive"":false}"
qa-mtvixnmb-iim3w848,2026-09-10T12:49:32.474Z,2026-09-10T20:49:32.474+08:00,real_activity_location_source_activated,tracking,,real,foreground,,,,,,,,,,,,,,,,,,,,,,,,,,,,,,"{""sampleSource"":""foreground"",""requestedIntervalMs"":2000,""requestedDistanceM"":5}"
qa-mtvixnmb-iim3w848,2026-09-10T12:49:32.485Z,2026-09-10T20:49:32.485+08:00,cairn_raw_fix_decision,tracking,active,real,foreground,4,2026-09-10T12:49:31.998Z,6865,,487,27.02,30,false,,false,REJECT,poor-horizontal-accuracy,0,,,,,,,acquiring,,514fdef5,,,,,,,,
qa-mtvixnmb-iim3w848,2026-09-10T12:49:38.155Z,2026-09-10T20:49:38.155+08:00,cairn_raw_fix_decision,tracking,active,real,foreground,5,2026-09-10T12:49:38.126Z,6128,,29,25.31,30,false,,false,REJECT,poor-horizontal-accuracy,0,,,,,,,acquiring,,514fdef5,,,,,,,,
qa-mtvixnmb-iim3w848,2026-09-10T12:49:44.155Z,2026-09-10T20:49:44.155+08:00,cairn_raw_fix_decision,tracking,active,real,foreground,6,2026-09-10T12:49:44.132Z,6006,,23,30.09,30,false,,false,REJECT,poor-horizontal-accuracy,0,,,,,,,acquiring,,514fdef5,,,,,,,,
qa-mtvixnmb-iim3w848,2026-09-10T12:49:48.185Z,2026-09-10T20:49:48.185+08:00,cairn_raw_fix_decision,tracking,active,real,foreground,7,2026-09-10T12:49:48.138Z,4006,23005,47,16.32,253.12,true,0,false,ACCEPT,first-trusted-fix,0,,,,,,,acquiring,,514fdef5,,,2026-09-10T12:49:48.215Z,30,77,2,,
qa-mtvixnmb-iim3w848,2026-09-10T12:49:51.185Z,2026-09-10T20:49:51.185+08:00,cairn_raw_fix_decision,tracking,active,real,foreground,8,2026-09-10T12:49:51.139Z,3001,3001,46,16.15,86.12,true,0,false,ACCEPT,coherent-motion,0,3001,5.76,1.92,0,,,moving,,514fdef5,,,2026-09-10T12:49:51.215Z,30,76,3,,
qa-mtvixnmb-iim3w848,2026-09-10T12:49:53.198Z,2026-09-10T20:49:53.198+08:00,cairn_raw_fix_decision,tracking,active,real,foreground,9,2026-09-10T12:49:53.139Z,2000,2000,59,18.39,125.43,true,1.45,false,ACCEPT,coherent-motion,0,2000,8.67,4.33,0,7.08,53.25,moving,,514fdef5,,,2026-09-10T12:49:53.239Z,41,100,4,,
qa-mtvixnmb-iim3w848,2026-09-10T12:49:54.203Z,2026-09-10T20:49:54.203+08:00,cairn_raw_fix_decision,tracking,active,real,foreground,10,2026-09-10T12:49:54.139Z,1000,,64,38.65,210.83,true,0,false,REJECT,poor-horizontal-accuracy,0,1000,18.43,18.43,0,15.61,44.05,moving,,514fdef5,,,,,,,,
qa-mtvixnmb-iim3w848,2026-09-10T12:49:55.208Z,2026-09-10T20:49:55.208+08:00,cairn_raw_fix_decision,tracking,active,real,foreground,11,2026-09-10T12:49:55.139Z,1000,,69,37.39,287.82,true,0,false,REJECT,poor-horizontal-accuracy,0,2000,28.83,14.41,0,21.73,29.63,moving,,514fdef5,,,,,,,,
qa-mtvixnmb-iim3w848,2026-09-10T12:49:56.210Z,2026-09-10T20:49:56.210+08:00,cairn_raw_fix_decision,tracking,active,real,foreground,12,2026-09-10T12:49:56.139Z,1000,,71,28.19,26.21,true,0.36,false,REJECT,poor-horizontal-accuracy,0,3000,20.03,6.68,0,11.88,34.48,moving,,514fdef5,,,,,,,,
qa-mtvixnmb-iim3w848,2026-09-10T12:49:57.223Z,2026-09-10T20:49:57.223+08:00,cairn_raw_fix_decision,tracking,active,real,foreground,13,2026-09-10T12:49:57.139Z,1000,4000,84,14.66,11.12,true,0.4,false,ACCEPT,coherent-motion,0,4000,9.52,2.38,0,12.54,44.98,moving,,514fdef5,,,2026-09-10T12:49:57.328Z,105,189,5,,
qa-mtvixnmb-iim3w848,2026-09-10T12:49:58.076Z,2026-09-10T20:49:58.076+08:00,cairn_raw_fix_decision,tracking,active,real,foreground,14,2026-09-10T12:49:57.999Z,860,860,77,14.5,7.74,true,0.37,false,ACCEPT,coherent-motion,0,860,7.83,9.1,0,9.24,128.4,moving,,514fdef5,,,2026-09-10T12:49:58.109Z,33,110,6,,
qa-mtvixnmb-iim3w848,2026-09-10T12:49:59.178Z,2026-09-10T20:49:59.178+08:00,cairn_raw_fix_decision,tracking,active,real,foreground,15,2026-09-10T12:49:58.999Z,1000,,179,26.86,6.26,true,0.37,false,REJECT,poor-horizontal-accuracy,0,1000,19.99,19.99,0,14.03,4.64,moving,,514fdef5,,,,,,,,
qa-mtvixnmb-iim3w848,2026-09-10T12:50:00.084Z,2026-09-10T20:50:00.084+08:00,cairn_raw_fix_decision,tracking,active,real,foreground,16,2026-09-10T12:49:59.999Z,1000,2000,85,11.1,5.35,true,0.31,false,ACCEPT,coherent-motion,0,2000,8.32,4.16,0,3.76,4.76,moving,,514fdef5,,,2026-09-10T12:50:00.113Z,29,114,7,,
qa-mtvixnmb-iim3w848,2026-09-10T12:50:06.087Z,2026-09-10T20:50:06.087+08:00,cairn_raw_fix_decision,tracking,active,real,foreground,17,2026-09-10T12:50:05.999Z,6000,6000,88,9.83,5.7,true,0.75,true,ACCEPT,coherent-motion,0,6000,5.23,0.87,0,21.48,44.1,moving,,514fdef5,,,2026-09-10T12:50:06.132Z,45,133,8,,
qa-mtvixnmb-iim3w848,2026-09-10T12:50:10.085Z,2026-09-10T20:50:10.085+08:00,cairn_raw_fix_decision,tracking,active,real,foreground,18,2026-09-10T12:50:10.000Z,4001,4001,85,14.25,8.72,true,0.53,true,ACCEPT,coherent-motion,0,4001,10.13,2.53,0,7.33,30.06,moving,,514fdef5,,,2026-09-10T12:50:10.116Z,31,116,9,,
qa-mtvixnmb-iim3w848,2026-09-10T12:50:12.854Z,2026-09-10T20:50:12.854+08:00,activity_telemetry_health_v2,tracking,active,real,,18,,,,,,,,,,,,,,,,,,,,,,,,,,,9,2854,"{""reason"":""periodic-60s"",""expectedRawOrdinalHighWatermark"":18,""retainedObservationDeficit"":0,""retainedDecisionDeficit"":0,""rawPointCount"":18,""canonicalPointCount"":9,""pendingCandidate"":false,""latestAcceptedAgeMs"":2854,""backgroundTaskActive"":false,""appState"":""active"",""retainedEventCount"":122,""retainedBytes"":96627,""retainedCriticalCount"":48,""retainedObservationCount"":18,""retainedDecisionCount"":18,""uploadCount"":4,""consecutiveUploadFailures"":0,""lastUploadAt"":1789044570488}"
qa-mtvixnmb-iim3w848,2026-09-10T12:50:16.098Z,2026-09-10T20:50:16.098+08:00,cairn_raw_fix_decision,tracking,active,real,foreground,19,2026-09-10T12:50:16.000Z,6000,6000,98,14.25,9.57,true,0.95,true,ACCEPT,coherent-motion,0,6000,6.27,1.05,0,9.7,22.75,moving,,514fdef5,,,2026-09-10T12:50:16.134Z,36,134,10,,
qa-mtvixnmb-iim3w848,2026-09-10T12:50:20.092Z,2026-09-10T20:50:20.092+08:00,cairn_raw_fix_decision,tracking,active,real,foreground,20,2026-09-10T12:50:20.000Z,4000,4000,92,14.25,10.02,true,1.26,true,ACCEPT,coherent-motion,0,4000,6.5,1.63,0,2.32,0.86,moving,,514fdef5,,,2026-09-10T12:50:20.133Z,41,133,11,,
qa-mtvixnmb-iim3w848,2026-09-10T12:50:27.097Z,2026-09-10T20:50:27.097+08:00,cairn_raw_fix_decision,tracking,active,real,foreground,21,2026-09-10T12:50:27.000Z,7000,7000,97,14.25,10.99,true,0.87,true,ACCEPT,coherent-motion,0,7000,5.09,0.73,0,6.91,21.82,moving,,514fdef5,,,2026-09-10T12:50:27.131Z,34,131,12,,
qa-mtvixnmb-iim3w848,2026-09-10T12:50:32.097Z,2026-09-10T20:50:32.097+08:00,cairn_raw_fix_decision,tracking,active,real,foreground,22,2026-09-10T12:50:32.000Z,5000,5000,97,14.25,9.8,true,1.06,true,ACCEPT,coherent-motion,0,5000,5.17,1.03,0,1.68,8.93,moving,,514fdef5,,,2026-09-10T12:50:32.136Z,39,136,13,,
qa-mtvixnmb-iim3w848,2026-09-10T12:50:38.095Z,2026-09-10T20:50:38.095+08:00,cairn_raw_fix_decision,tracking,active,real,foreground,23,2026-09-10T12:50:38.001Z,6001,6001,94,14.25,9.26,true,1.06,true,ACCEPT,coherent-motion,0,6001,6.56,1.09,0,0.7,5.39,moving,,514fdef5,,,2026-09-10T12:50:38.131Z,36,130,14,,
qa-mtvixnmb-iim3w848,2026-09-10T12:50:42.100Z,2026-09-10T20:50:42.100+08:00,cairn_raw_fix_decision,tracking,active,real,foreground,24,2026-09-10T12:50:42.001Z,4000,4000,99,14.25,8.46,true,0.93,true,ACCEPT,coherent-motion,0,4000,5.6,1.4,0,2.21,21.36,moving,,514fdef5,,,2026-09-10T12:50:42.137Z,37,136,15,,
qa-mtvixnmb-iim3w848,2026-09-10T12:50:47.088Z,2026-09-10T20:50:47.088+08:00,cairn_raw_fix_decision,tracking,active,real,foreground,25,2026-09-10T12:50:47.001Z,5000,5000,87,14.25,8.76,true,0.96,true,ACCEPT,coherent-motion,0,5000,5.25,1.05,0,3,23.22,moving,,514fdef5,,,2026-09-10T12:50:47.122Z,34,121,16,,
qa-mtvixnmb-iim3w848,2026-09-10T12:50:51.097Z,2026-09-10T20:50:51.097+08:00,cairn_raw_fix_decision,tracking,active,real,foreground,26,2026-09-10T12:50:51.001Z,4000,4000,96,14.25,8.9,true,1.17,true,ACCEPT,coherent-motion,0,4000,5.03,1.26,0,3.3,40.6,moving,,514fdef5,,,2026-09-10T12:50:51.129Z,32,128,17,,
qa-mtvixnmb-iim3w848,2026-09-10T12:50:55.096Z,2026-09-10T20:50:55.096+08:00,cairn_raw_fix_decision,tracking,active,real,foreground,27,2026-09-10T12:50:55.001Z,4000,4000,95,14.25,9.41,true,1,true,ACCEPT,coherent-motion,1,4000,6.03,1.51,0,3.52,35.65,moving,,514fdef5,,,2026-09-10T12:50:55.157Z,61,156,18,,
qa-mtvixnmb-iim3w848,2026-09-10T12:51:01.095Z,2026-09-10T20:51:01.095+08:00,cairn_raw_fix_decision,tracking,active,real,foreground,28,2026-09-10T12:51:01.001Z,6000,6000,94,14.25,10.83,true,0.72,true,ACCEPT,coherent-motion,0,6000,5.61,0.94,0,3.46,3.44,moving,,514fdef5,,,2026-09-10T12:51:01.125Z,30,124,19,,
qa-mtvixnmb-iim3w848,2026-09-10T12:51:09.091Z,2026-09-10T20:51:09.091+08:00,cairn_raw_fix_decision,tracking,active,real,foreground,29,2026-09-10T12:51:09.001Z,8000,8000,90,14.25,11.7,true,0.38,true,ACCEPT,coherent-motion,0,8000,5.07,0.63,0,2.43,3.49,moving,,514fdef5,,,2026-09-10T12:51:09.150Z,59,149,20,,
qa-mtvixnmb-iim3w848,2026-09-10T12:51:12.890Z,2026-09-10T20:51:12.890+08:00,activity_telemetry_health_v2,tracking,active,real,,29,,,,,,,,,,,,,,,,,,,,,,,,,,,20,3889,"{""reason"":""periodic-60s"",""expectedRawOrdinalHighWatermark"":29,""retainedObservationDeficit"":0,""retainedDecisionDeficit"":0,""rawPointCount"":29,""canonicalPointCount"":20,""pendingCandidate"":false,""latestAcceptedAgeMs"":3889,""backgroundTaskActive"":false,""appState"":""active"",""retainedEventCount"":167,""retainedBytes"":136812,""retainedCriticalCount"":50,""retainedObservationCount"":29,""retainedDecisionCount"":29,""uploadCount"":4,""consecutiveUploadFailures"":0,""lastUploadAt"":1789044570488}"
qa-mtvixnmb-iim3w848,2026-09-10T12:51:18.104Z,2026-09-10T20:51:18.104+08:00,cairn_raw_fix_decision,tracking,active,real,foreground,30,2026-09-10T12:51:18.002Z,9001,9001,102,14.25,10.89,true,0.44,true,ACCEPT,coherent-motion,0,9001,5.37,0.6,0,0.34,0.87,moving,,514fdef5,,,2026-09-10T12:51:18.149Z,45,147,21,,
qa-mtvixnmb-iim3w848,2026-09-10T12:51:25.097Z,2026-09-10T20:51:25.097+08:00,cairn_raw_fix_decision,tracking,active,real,foreground,31,2026-09-10T12:51:25.002Z,7000,7000,95,14.25,10.74,true,0.52,true,ACCEPT,coherent-motion,0,7000,6.16,0.88,0,3.43,31.93,moving,,514fdef5,37,1,2026-09-10T12:51:25.145Z,48,143,22,,
qa-mtvixnmb-iim3w848,2026-09-10T12:51:28.603Z,2026-09-10T20:51:28.603+08:00,rnmapbox_userlocation_source_snapshot,tracking,,rnmapbox-apple-location-provider,mapbox-userlocation,,2026-09-10T12:51:28.000Z,,,603,14.2459545142148,,true,0.6109810496248408,,,coalesced-source-observation,,,,,,,,,,,,,,,,,,"{""repeatCount"":1220,""firstObservedAt"":1789044552742,""firstSequenceTimestamp"":1789044549000,""altitudeAvailable"":true}"
qa-mtvixnmb-iim3w848,2026-09-10T12:51:31.097Z,2026-09-10T20:51:31.097+08:00,cairn_raw_fix_decision,tracking,active,real,foreground,32,2026-09-10T12:51:31.002Z,6000,6000,95,14.25,11.1,true,1.31,true,ACCEPT,coherent-motion,0,6000,6.35,1.06,0,2.56,23.16,moving,,514fdef5,,,2026-09-10T12:51:31.129Z,32,127,23,,
qa-mtvixnmb-iim3w848,2026-09-10T12:51:36.099Z,2026-09-10T20:51:36.099+08:00,cairn_raw_fix_decision,tracking,active,real,foreground,33,2026-09-10T12:51:36.002Z,5000,5000,96,14.25,10.03,true,0.83,true,ACCEPT,coherent-motion,1,5000,5.24,1.05,0,5.8,66.86,moving,,514fdef5,34,0,2026-09-10T12:51:36.140Z,41,138,24,,
qa-mtvixnmb-iim3w848,2026-09-10T12:51:51.101Z,2026-09-10T20:51:51.101+08:00,cairn_raw_fix_decision,tracking,active,real,foreground,34,2026-09-10T12:51:51.001Z,14999,14999,99,14.25,12.74,true,0.81,true,ACCEPT,coherent-motion,1,14999,5.51,0.37,0,10.95,24.79,moving,,514fdef5,,,2026-09-10T12:51:51.167Z,66,166,25,,
qa-mtvixnmb-iim3w848,2026-09-10T12:51:57.093Z,2026-09-10T20:51:57.093+08:00,cairn_raw_fix_decision,tracking,active,real,foreground,35,2026-09-10T12:51:57.001Z,6000,6000,92,14.25,13.48,true,0.93,true,ACCEPT,coherent-motion,0,6000,5.65,0.94,0,3.49,9.21,moving,,514fdef5,,,2026-09-10T12:51:57.131Z,38,130,26,,
qa-mtvixnmb-iim3w848,2026-09-10T12:52:03.097Z,2026-09-10T20:52:03.097+08:00,cairn_raw_fix_decision,tracking,active,real,foreground,36,2026-09-10T12:52:03.002Z,6001,6001,95,14.25,13.45,true,1.33,true,ACCEPT,coherent-motion,0,6001,5.94,0.99,0,1.09,10.38,moving,,514fdef5,,,2026-09-10T12:52:03.141Z,44,139,27,,
qa-mtvixnmb-iim3w848,2026-09-10T12:52:09.101Z,2026-09-10T20:52:09.101+08:00,cairn_raw_fix_decision,tracking,active,real,foreground,37,2026-09-10T12:52:09.002Z,6000,6000,99,14.25,15.58,true,0.9,true,ACCEPT,coherent-motion,0,6000,5.08,0.85,0,1.62,14.36,moving,,514fdef5,,,2026-09-10T12:52:09.140Z,39,138,28,,
qa-mtvixnmb-iim3w848,2026-09-10T12:52:12.892Z,2026-09-10T20:52:12.892+08:00,activity_telemetry_health_v2,tracking,active,real,,37,,,,,,,,,,,,,,,,,,,,,,,,,,,28,3890,"{""reason"":""periodic-60s"",""expectedRawOrdinalHighWatermark"":37,""retainedObservationDeficit"":0,""retainedDecisionDeficit"":0,""rawPointCount"":37,""canonicalPointCount"":28,""pendingCandidate"":false,""latestAcceptedAgeMs"":3890,""backgroundTaskActive"":false,""appState"":""active"",""retainedEventCount"":211,""retainedBytes"":174460,""retainedCriticalCount"":54,""retainedObservationCount"":37,""retainedDecisionCount"":37,""uploadCount"":5,""consecutiveUploadFailures"":0,""lastUploadAt"":1789044688674}"
qa-mtvixnmb-iim3w848,2026-09-10T12:52:14.101Z,2026-09-10T20:52:14.101+08:00,cairn_raw_fix_decision,tracking,active,real,foreground,38,2026-09-10T12:52:14.001Z,4999,4999,100,14.25,15.99,true,1.04,true,ACCEPT,coherent-motion,1,4999,5.15,1.03,0,1.02,5.28,moving,,514fdef5,,,2026-09-10T12:52:14.142Z,41,141,29,,
qa-mtvixnmb-iim3w848,2026-09-10T12:52:22.102Z,2026-09-10T20:52:22.102+08:00,cairn_raw_fix_decision,tracking,active,real,foreground,39,2026-09-10T12:52:22.001Z,8000,8000,101,14.25,17.15,true,0.88,true,ACCEPT,coherent-motion,0,8000,5.52,0.69,0,6.81,55.21,moving,,514fdef5,,,2026-09-10T12:52:22.145Z,43,144,30,,
qa-mtvixnmb-iim3w848,2026-09-10T12:52:29.093Z,2026-09-10T20:52:29.093+08:00,cairn_raw_fix_decision,tracking,active,real,foreground,40,2026-09-10T12:52:29.000Z,6999,6999,93,14.25,15.74,true,0.5,true,ACCEPT,coherent-motion,1,6999,5.74,0.82,0,3.01,31.66,moving,,514fdef5,,,2026-09-10T12:52:29.129Z,36,129,31,,
qa-mtvixnmb-iim3w848,2026-09-10T12:52:37.102Z,2026-09-10T20:52:37.102+08:00,cairn_raw_fix_decision,tracking,active,real,foreground,41,2026-09-10T12:52:37.000Z,8000,8000,102,14.25,15.2,true,0.5,true,ACCEPT,coherent-motion,0,8000,5.36,0.67,0,1.69,11.72,moving,,514fdef5,,,2026-09-10T12:52:37.141Z,39,141,32,,
qa-mtvixnmb-iim3w848,2026-09-10T12:52:43.098Z,2026-09-10T20:52:43.098+08:00,cairn_raw_fix_decision,tracking,active,real,foreground,42,2026-09-10T12:52:43.000Z,6000,6000,98,14.25,15.43,true,0.49,true,ACCEPT,coherent-motion,0,6000,5.08,0.85,0,1.8,18.53,moving,,514fdef5,35,0,2026-09-10T12:52:43.139Z,41,139,33,,
qa-mtvixnmb-iim3w848,2026-09-10T12:52:53.100Z,2026-09-10T20:52:53.100+08:00,cairn_raw_fix_decision,tracking,active,real,foreground,43,2026-09-10T12:52:53.000Z,10000,10000,100,14.25,11.92,true,0.03,true,ACCEPT,coherent-motion,0,10000,5.27,0.53,0,13.73,179.21,moving,,514fdef5,,,2026-09-10T12:52:53.157Z,57,157,34,,
qa-mtvixnmb-iim3w848,2026-09-10T12:52:57.097Z,2026-09-10T20:52:57.097+08:00,cairn_raw_fix_decision,tracking,active,real,foreground,44,2026-09-10T12:52:57.000Z,4000,4000,97,14.25,13.06,true,1,true,ACCEPT,coherent-motion,0,4000,5.4,1.35,0,3.3,2.69,moving,,514fdef5,,,2026-09-10T12:52:57.166Z,69,166,35,,
qa-mtvixnmb-iim3w848,2026-09-10T12:53:02.106Z,2026-09-10T20:53:02.106+08:00,cairn_raw_fix_decision,tracking,active,real,foreground,45,2026-09-10T12:53:02.000Z,5000,5000,106,14.25,11.32,true,1.1,true,ACCEPT,coherent-motion,0,5000,5.96,1.19,0,2.07,17.37,moving,,514fdef5,,,2026-09-10T12:53:02.153Z,47,153,36,,
qa-mtvixnmb-iim3w848,2026-09-10T12:53:08.104Z,2026-09-10T20:53:08.104+08:00,cairn_raw_fix_decision,tracking,active,real,foreground,46,2026-09-10T12:53:08.000Z,6000,6000,104,14.25,15.24,true,1.34,true,ACCEPT,coherent-motion,0,6000,6.82,1.14,0,0.57,3.84,moving,,514fdef5,,,2026-09-10T12:53:08.134Z,30,134,37,,
qa-mtvixnmb-iim3w848,2026-09-10T12:53:11.106Z,2026-09-10T20:53:11.106+08:00,cairn_raw_fix_decision,tracking,active,real,foreground,47,2026-09-10T12:53:11.000Z,3000,3000,106,14.25,15.21,true,1.25,true,ACCEPT,coherent-motion,0,3000,6.67,2.22,0,5.91,62.21,moving,,514fdef5,,,2026-09-10T12:53:11.144Z,38,144,38,,
qa-mtvixnmb-iim3w848,2026-09-10T12:53:12.914Z,2026-09-10T20:53:12.914+08:00,activity_telemetry_health_v2,tracking,active,real,,47,,,,,,,,,,,,,,,,,,,,,,,,,,,38,1914,"{""reason"":""periodic-60s"",""expectedRawOrdinalHighWatermark"":47,""retainedObservationDeficit"":0,""retainedDecisionDeficit"":0,""rawPointCount"":47,""canonicalPointCount"":38,""pendingCandidate"":false,""latestAcceptedAgeMs"":1914,""backgroundTaskActive"":false,""appState"":""active"",""retainedEventCount"":262,""retainedBytes"":218672,""retainedCriticalCount"":57,""retainedObservationCount"":47,""retainedDecisionCount"":47,""uploadCount"":5,""consecutiveUploadFailures"":0,""lastUploadAt"":1789044688674}"
qa-mtvixnmb-iim3w848,2026-09-10T12:53:16.091Z,2026-09-10T20:53:16.091+08:00,cairn_raw_fix_decision,tracking,active,real,foreground,48,2026-09-10T12:53:16.000Z,5000,5000,91,14.25,16.1,true,1.11,true,ACCEPT,coherent-motion,1,5000,6.26,1.25,0,4.88,3.83,moving,,514fdef5,,,2026-09-10T12:53:16.125Z,34,125,39,,
qa-mtvixnmb-iim3w848,2026-09-10T12:53:19.100Z,2026-09-10T20:53:19.100+08:00,cairn_raw_fix_decision,tracking,active,real,foreground,49,2026-09-10T12:53:19.000Z,3000,3000,100,14.25,16.5,true,1.27,true,ACCEPT,coherent-motion,0,3000,5.42,1.81,0,1.71,4.89,moving,,514fdef5,,,2026-09-10T12:53:19.140Z,40,140,40,,
qa-mtvixnmb-iim3w848,2026-09-10T12:53:26.099Z,2026-09-10T20:53:26.099+08:00,cairn_raw_fix_decision,tracking,active,real,foreground,50,2026-09-10T12:53:26.001Z,7001,7001,98,14.25,15.78,true,0.8,true,ACCEPT,coherent-motion,0,7001,6.22,0.89,0,7.06,19.26,moving,,514fdef5,34,0,2026-09-10T12:53:26.140Z,41,139,41,,
qa-mtvixnmb-iim3w848,2026-09-10T12:53:28.610Z,2026-09-10T20:53:28.610+08:00,rnmapbox_userlocation_source_snapshot,tracking,,rnmapbox-apple-location-provider,mapbox-userlocation,,2026-09-10T12:53:28.000Z,,,610,14.245954656150671,,true,0.8829733672573958,,,coalesced-source-observation,,,,,,,,,,,,,,,,,,"{""repeatCount"":3656,""firstObservedAt"":1789044552742,""firstSequenceTimestamp"":1789044549000,""altitudeAvailable"":true}"
qa-mtvixnmb-iim3w848,2026-09-10T12:53:31.100Z,2026-09-10T20:53:31.100+08:00,cairn_raw_fix_decision,tracking,active,real,foreground,51,2026-09-10T12:53:31.001Z,5000,5000,99,14.25,17.21,true,0.84,true,ACCEPT,coherent-motion,0,5000,5.1,1.02,0,1.58,17.34,moving,,514fdef5,,,2026-09-10T12:53:31.158Z,58,157,42,,
qa-mtvixnmb-iim3w848,2026-09-10T12:53:35.094Z,2026-09-10T20:53:35.094+08:00,cairn_raw_fix_decision,tracking,active,real,foreground,52,2026-09-10T12:53:35.001Z,4000,4000,93,14.25,14.01,true,1.23,true,ACCEPT,coherent-motion,0,4000,5,1.25,0,1.14,8.4,moving,,514fdef5,,,2026-09-10T12:53:35.139Z,45,138,43,,
qa-mtvixnmb-iim3w848,2026-09-10T12:53:40.101Z,2026-09-10T20:53:40.101+08:00,cairn_raw_fix_decision,tracking,active,real,foreground,53,2026-09-10T12:53:40.001Z,5000,5000,100,14.25,15.46,true,1.05,true,ACCEPT,coherent-motion,0,5000,5.98,1.2,0,2.26,21.16,moving,,514fdef5,,,2026-09-10T12:53:40.141Z,40,140,44,,
qa-mtvixnmb-iim3w848,2026-09-10T12:53:45.101Z,2026-09-10T20:53:45.101+08:00,cairn_raw_fix_decision,tracking,active,real,foreground,54,2026-09-10T12:53:45.001Z,5000,5000,100,14.25,14.89,true,0.92,true,ACCEPT,coherent-motion,0,5000,5.71,1.14,0,3.66,36.4,moving,,514fdef5,,,2026-09-10T12:53:45.138Z,37,137,45,,
qa-mtvixnmb-iim3w848,2026-09-10T12:53:50.104Z,2026-09-10T20:53:50.104+08:00,cairn_raw_fix_decision,tracking,active,real,foreground,55,2026-09-10T12:53:50.001Z,5000,5000,103,14.25,12.01,true,0.88,true,ACCEPT,coherent-motion,0,5000,5.51,1.1,0,2.31,23.64,moving,,514fdef5,31,0,2026-09-10T12:53:50.140Z,36,139,46,,
qa-mtvixnmb-iim3w848,2026-09-10T12:54:02.100Z,2026-09-10T20:54:02.100+08:00,cairn_raw_fix_decision,tracking,active,real,foreground,56,2026-09-10T12:54:02.001Z,12000,12000,99,14.25,12.71,true,0.51,true,ACCEPT,coherent-motion,0,12000,5.38,0.45,0,13.3,79.28,moving,,514fdef5,,,2026-09-10T12:54:02.142Z,42,141,47,,
qa-mtvixnmb-iim3w848,2026-09-10T12:54:06.101Z,2026-09-10T20:54:06.101+08:00,cairn_raw_fix_decision,tracking,active,real,foreground,57,2026-09-10T12:54:06.002Z,4001,4001,99,14.25,14.71,true,1.34,true,ACCEPT,coherent-motion,0,4001,6.41,1.6,0,5.17,40.09,moving,,514fdef5,,,2026-09-10T12:54:06.144Z,43,142,48,,
qa-mtvixnmb-iim3w848,2026-09-10T12:54:10.094Z,2026-09-10T20:54:10.094+08:00,cairn_raw_fix_decision,tracking,active,real,foreground,58,2026-09-10T12:54:10.002Z,4000,4000,92,14.25,16.73,true,1.11,true,ACCEPT,coherent-motion,0,4000,5.27,1.32,0,2.54,22.62,moving,,514fdef5,,,2026-09-10T12:54:10.133Z,39,131,49,,
qa-mtvixnmb-iim3w848,2026-09-10T12:54:12.925Z,2026-09-10T20:54:12.925+08:00,activity_telemetry_health_v2,tracking,active,real,,58,,,,,,,,,,,,,,,,,,,,,,,,,,,49,2923,"{""reason"":""periodic-60s"",""expectedRawOrdinalHighWatermark"":58,""retainedObservationDeficit"":0,""retainedDecisionDeficit"":0,""rawPointCount"":58,""canonicalPointCount"":49,""pendingCandidate"":false,""latestAcceptedAgeMs"":2923,""backgroundTaskActive"":false,""appState"":""active"",""retainedEventCount"":318,""retainedBytes"":267080,""retainedCriticalCount"":60,""retainedObservationCount"":58,""retainedDecisionCount"":58,""uploadCount"":6,""consecutiveUploadFailures"":0,""lastUploadAt"":1789044808686}"
qa-mtvixnmb-iim3w848,2026-09-10T12:54:16.094Z,2026-09-10T20:54:16.094+08:00,cairn_raw_fix_decision,tracking,active,real,foreground,59,2026-09-10T12:54:16.001Z,5999,5999,93,14.25,14.71,true,0.95,true,ACCEPT,coherent-motion,0,5999,6.35,1.06,0,3.4,24.66,moving,,514fdef5,,,2026-09-10T12:54:16.129Z,35,128,50,,
qa-mtvixnmb-iim3w848,2026-09-10T12:54:20.092Z,2026-09-10T20:54:20.092+08:00,cairn_raw_fix_decision,tracking,active,real,foreground,60,2026-09-10T12:54:20.001Z,4000,4000,91,14.25,14.67,true,1.13,true,ACCEPT,coherent-motion,0,4000,5.23,1.31,0,1.74,17.41,moving,,514fdef5,36,0,2026-09-10T12:54:20.135Z,43,134,51,,
qa-mtvixnmb-iim3w848,2026-09-10T12:54:30.097Z,2026-09-10T20:54:30.097+08:00,cairn_raw_fix_decision,tracking,active,real,foreground,61,2026-09-10T12:54:30.000Z,9999,9999,97,14.25,13.26,true,0.26,true,ACCEPT,coherent-motion,0,9999,5.78,0.58,0,11.29,59.5,moving,,514fdef5,,,2026-09-10T12:54:30.147Z,50,147,52,,
qa-mtvixnmb-iim3w848,2026-09-10T12:54:34.099Z,2026-09-10T20:54:34.099+08:00,cairn_raw_fix_decision,tracking,active,real,foreground,62,2026-09-10T12:54:34.000Z,4000,4000,99,14.25,12.84,true,1.09,true,ACCEPT,coherent-motion,0,4000,5.37,1.34,0,3.89,39.73,moving,,514fdef5,,,2026-09-10T12:54:34.137Z,38,137,53,,
qa-mtvixnmb-iim3w848,2026-09-10T12:54:40.097Z,2026-09-10T20:54:40.097+08:00,cairn_raw_fix_decision,tracking,active,real,foreground,63,2026-09-10T12:54:40.000Z,6000,6000,97,14.25,13.08,true,0.8,true,ACCEPT,coherent-motion,0,6000,6.71,1.12,0,1.37,2.09,moving,,514fdef5,,,2026-09-10T12:54:40.132Z,35,132,54,,
qa-mtvixnmb-iim3w848,2026-09-10T12:54:44.096Z,2026-09-10T20:54:44.096+08:00,cairn_raw_fix_decision,tracking,active,real,foreground,64,2026-09-10T12:54:44.000Z,4000,4000,96,14.25,13.28,true,1.16,true,ACCEPT,coherent-motion,0,4000,5.82,1.45,0,1.36,0.93,moving,,514fdef5,,,2026-09-10T12:54:44.136Z,40,136,55,,
qa-mtvixnmb-iim3w848,2026-09-10T12:54:50.101Z,2026-09-10T20:54:50.101+08:00,cairn_raw_fix_decision,tracking,active,real,foreground,65,2026-09-10T12:54:50.000Z,6000,6000,101,14.25,13.47,true,1.04,true,ACCEPT,coherent-motion,1,6000,6.42,1.07,0,3.41,19.41,moving,,514fdef5,,,2026-09-10T12:54:50.139Z,38,139,56,,
qa-mtvixnmb-iim3w848,2026-09-10T12:54:54.097Z,2026-09-10T20:54:54.097+08:00,cairn_raw_fix_decision,tracking,active,real,foreground,66,2026-09-10T12:54:54.000Z,4000,4000,97,14.25,14.95,true,0.87,true,ACCEPT,coherent-motion,0,4000,5.9,1.47,0,3.11,30.6,moving,,514fdef5,,,2026-09-10T12:54:54.130Z,33,130,57,,
qa-mtvixnmb-iim3w848,2026-09-10T12:54:58.100Z,2026-09-10T20:54:58.100+08:00,cairn_raw_fix_decision,tracking,active,real,foreground,67,2026-09-10T12:54:58.000Z,4000,4000,100,14.25,14.11,true,0.55,true,ACCEPT,coherent-motion,0,4000,5.29,1.32,0,0.8,5.46,moving,,514fdef5,,,2026-09-10T12:54:58.141Z,41,141,58,,
qa-mtvixnmb-iim3w848,2026-09-10T12:55:03.103Z,2026-09-10T20:55:03.103+08:00,cairn_raw_fix_decision,tracking,active,real,foreground,68,2026-09-10T12:55:03.000Z,5000,5000,103,14.25,13.52,true,0.52,true,ACCEPT,coherent-motion,0,5000,5.47,1.09,0,1.13,0.5,moving,,514fdef5,,,2026-09-10T12:55:03.139Z,36,139,59,,
qa-mtvixnmb-iim3w848,2026-09-10T12:55:07.097Z,2026-09-10T20:55:07.097+08:00,cairn_raw_fix_decision,tracking,active,real,foreground,69,2026-09-10T12:55:07.000Z,4000,4000,97,14.25,13.96,true,1.34,true,ACCEPT,coherent-motion,0,4000,5.64,1.41,0,1.7,13.08,moving,,514fdef5,,,2026-09-10T12:55:07.140Z,43,140,60,,
qa-mtvixnmb-iim3w848,2026-09-10T12:55:12.936Z,2026-09-10T20:55:12.936+08:00,activity_telemetry_health_v2,tracking,active,real,,69,,,,,,,,,,,,,,,,,,,,,,,,,,,60,5936,"{""reason"":""periodic-60s"",""expectedRawOrdinalHighWatermark"":69,""retainedObservationDeficit"":0,""retainedDecisionDeficit"":0,""rawPointCount"":69,""canonicalPointCount"":60,""pendingCandidate"":false,""latestAcceptedAgeMs"":5936,""backgroundTaskActive"":false,""appState"":""active"",""retainedEventCount"":373,""retainedBytes"":314877,""retainedCriticalCount"":63,""retainedObservationCount"":69,""retainedDecisionCount"":69,""uploadCount"":6,""consecutiveUploadFailures"":0,""lastUploadAt"":1789044808686}"
qa-mtvixnmb-iim3w848,2026-09-10T12:55:13.096Z,2026-09-10T20:55:13.096+08:00,cairn_raw_fix_decision,tracking,active,real,foreground,70,2026-09-10T12:55:13.000Z,6000,6000,96,14.25,12.77,true,0.86,true,ACCEPT,coherent-motion,0,6000,5.97,0.99,0,2.58,5.65,moving,,514fdef5,,,2026-09-10T12:55:13.135Z,39,135,61,,
qa-mtvixnmb-iim3w848,2026-09-10T12:55:16.097Z,2026-09-10T20:55:16.097+08:00,cairn_raw_fix_decision,tracking,active,real,foreground,71,2026-09-10T12:55:16.000Z,3000,3000,97,14.25,13.15,true,0.86,true,ACCEPT,coherent-motion,0,3000,5.64,1.88,0,2.68,4.93,moving,,514fdef5,33,0,2026-09-10T12:55:16.135Z,38,135,62,,
qa-mtvixnmb-iim3w848,2026-09-10T12:55:22.063Z,2026-09-10T20:55:22.063+08:00,app_backgrounded,tracking,inactive,real,,,,,,,,,,,,,,,,,,,,,,,,,,,,,,6063,"{""appState"":""inactive"",""backgroundPermissionState"":""foreground-only"",""cachedBackgroundGranted"":false,""foregroundWatcherActive"":true,""backgroundTaskActive"":false,""latestAcceptedAgeMs"":6063,""ownerGenerationSuffix"":""7a010fcd""}"
qa-mtvixnmb-iim3w848,2026-09-10T12:55:22.111Z,2026-09-10T20:55:22.111+08:00,app_backgrounded,tracking,,real,,,,,,,,,,,,,,,,,,,,,,,,,,,,,,,"{""from"":""inactive"",""to"":""background"",""trackingActive"":true}"
qa-mtvixnmb-iim3w848,2026-09-10T12:55:22.112Z,2026-09-10T20:55:22.112+08:00,app_backgrounded,tracking,background,real,,,,,,,,,,,,,,,,,,,,,,,,,,,,,,6112,"{""appState"":""background"",""backgroundPermissionState"":""foreground-only"",""cachedBackgroundGranted"":false,""foregroundWatcherActive"":false,""backgroundTaskActive"":false,""latestAcceptedAgeMs"":6112,""ownerGenerationSuffix"":""7a010fcd""}"
qa-mtvixnmb-iim3w848,2026-09-10T12:55:22.190Z,2026-09-10T20:55:22.190+08:00,activity_background_authority_v2,tracking,background,real,,,,,,,,,,,,,authorization-refreshed,,,,,,,,,,,,,,,,,,"{""phase"":""authorization-refreshed"",""permissionState"":""foreground-only"",""canAskAgain"":true,""requestAttempted"":false,""appState"":""background"",""foregroundWatcherActive"":false,""backgroundTaskActive"":false,""ownerGenerationSuffix"":""7a010fcd""}"
qa-mtvixnmb-iim3w848,2026-09-10T12:55:22.190Z,2026-09-10T20:55:22.190+08:00,background_location_authorization_refreshed,tracking,,real,,,,,,,,,,,,,,,,,,,,,,,,,,,,,,,"{""permissionState"":""foreground-only"",""canAskAgain"":true,""requestAttempted"":false}"
qa-mtvixnmb-iim3w848,2026-09-10T12:55:22.227Z,2026-09-10T20:55:22.227+08:00,activity_background_authority_v2,tracking,background,real,,,,,,,,,,,,,native-task-stop,,,,,,,,,,,,,,,,,,"{""phase"":""native-task-stop"",""nativeWasStarted"":false,""stopSucceeded"":true,""appState"":""background"",""ownerGenerationSuffix"":""7a010fcd""}"
qa-mtvixnmb-iim3w848,2026-09-10T12:55:22.227Z,2026-09-10T20:55:22.227+08:00,real_activity_background_source_unavailable,tracking,,real,,,,,,,,,,,,,background-permission-not-granted,,,,,,,,,,,,,,,,,,"{""unavailableReason"":""background-permission-not-granted""}"
qa-mtvixnmb-iim3w848,2026-09-10T12:55:22.227Z,2026-09-10T20:55:22.227+08:00,real_activity_background_task_stopped,tracking,background,real,,,,,,,,,,,,,,,,,,,,,,,,,,,,,,,"{""nativeWasStarted"":false,""stopSucceeded"":true,""appState"":""background"",""ownerGenerationSuffix"":""7a010fcd""}"
qa-mtvixnmb-iim3w848,2026-09-10T12:55:22.259Z,2026-09-10T20:55:22.259+08:00,activity_recording_gap_opened,tracking,,real,,,,,,,,,,,,,background-provider-unavailable,,,,,,,,,,da1bb959,,,,,,,,"{""gapReason"":""background-provider-unavailable"",""previousSegmentId"":""514fdef5"",""nextSegmentId"":""da1bb959""}"
qa-mtvixnmb-iim3w848,2026-09-10T12:55:22.259Z,2026-09-10T20:55:22.259+08:00,activity_segment_decision_v2,tracking,,real,,,,,,,,,,,,new-segment,background-provider-unavailable,,,,,,,,,,da1bb959,,,,,,,,"{""decision"":""new-segment"",""trigger"":""background-provider-unavailable"",""previousSegmentId"":""514fdef5"",""nextSegmentId"":""da1bb959"",""continuityAllowed"":false,""distanceContributionM"":0,""elevationContributionM"":0,""memoryBridgeAllowed"":false}"
qa-mtvixnmb-iim3w848,2026-09-10T12:55:22.274Z,2026-09-10T20:55:22.274+08:00,activity_background_authority_v2,tracking,background,real,,,,,,,,,,,,,authorization-refreshed,,,,,,,,,,,,,,,,,,"{""phase"":""authorization-refreshed"",""permissionState"":""foreground-only"",""canAskAgain"":true,""requestAttempted"":false,""appState"":""background"",""foregroundWatcherActive"":false,""backgroundTaskActive"":false,""ownerGenerationSuffix"":""7a010fcd""}"
qa-mtvixnmb-iim3w848,2026-09-10T12:55:22.274Z,2026-09-10T20:55:22.274+08:00,background_location_authorization_refreshed,tracking,,real,,,,,,,,,,,,,,,,,,,,,,,,,,,,,,,"{""permissionState"":""foreground-only"",""canAskAgain"":true,""requestAttempted"":false}"
qa-mtvixnmb-iim3w848,2026-09-10T12:55:22.286Z,2026-09-10T20:55:22.286+08:00,activity_background_authority_v2,tracking,background,real,,,,,,,,,,,,,native-task-stop,,,,,,,,,,,,,,,,,,"{""phase"":""native-task-stop"",""nativeWasStarted"":false,""stopSucceeded"":true,""appState"":""background"",""ownerGenerationSuffix"":""7a010fcd""}"
qa-mtvixnmb-iim3w848,2026-09-10T12:55:22.286Z,2026-09-10T20:55:22.286+08:00,real_activity_background_source_unavailable,tracking,,real,,,,,,,,,,,,,background-permission-not-granted,,,,,,,,,,,,,,,,,,"{""unavailableReason"":""background-permission-not-granted""}"
qa-mtvixnmb-iim3w848,2026-09-10T12:55:22.286Z,2026-09-10T20:55:22.286+08:00,real_activity_background_task_stopped,tracking,background,real,,,,,,,,,,,,,,,,,,,,,,,,,,,,,,,"{""nativeWasStarted"":false,""stopSucceeded"":true,""appState"":""background"",""ownerGenerationSuffix"":""7a010fcd""}"
qa-mtvixnmb-iim3w848,2026-09-10T12:55:26.488Z,2026-09-10T20:55:26.488+08:00,qa_upload_failed,tracking,,real,,,,,,,,,,,,,,,,,,,,,,,,,,,,,,,"{""uploadCount"":7,""consecutiveFailures"":1,""retryable"":true}"
qa-mtvixnmb-iim3w848,2026-09-10T12:55:27.169Z,2026-09-10T20:55:27.169+08:00,app_foregrounded,tracking,active,real,,,,,,,,,,,,,,,,,,,,,,,,,,,,,,11169,"{""appState"":""active"",""backgroundPermissionState"":""foreground-only"",""cachedBackgroundGranted"":false,""foregroundWatcherActive"":false,""backgroundTaskActive"":false,""latestAcceptedAgeMs"":11169,""ownerGenerationSuffix"":""7a010fcd""}"
qa-mtvixnmb-iim3w848,2026-09-10T12:55:27.237Z,2026-09-10T20:55:27.237+08:00,rnmapbox_userlocation_source_snapshot,tracking,,rnmapbox-apple-location-provider,mapbox-userlocation,,2026-09-10T12:55:27.000Z,,,237,27.7062785250208,,true,0.7192848324775696,,,coalesced-source-observation,,,,,,,,,,,,,,,,,,"{""repeatCount"":6640,""firstObservedAt"":1789044552742,""firstSequenceTimestamp"":1789044549000,""altitudeAvailable"":true}"
qa-mtvixnmb-iim3w848,2026-09-10T12:55:29.172Z,2026-09-10T20:55:29.172+08:00,real_activity_foreground_takeover,tracking,active,real,,,,,,,,,,,,,started,,,,,,,,,,,,,,,,,13172,"{""phase"":""started"",""appState"":""active"",""backgroundTaskActive"":false,""latestAcceptedAgeMs"":13172}"
qa-mtvixnmb-iim3w848,2026-09-10T12:55:29.200Z,2026-09-10T20:55:29.200+08:00,activity_background_authority_v2,tracking,active,real,,,,,,,,,,,,,native-task-stop,,,,,,,,,,,,,,,,,,"{""phase"":""native-task-stop"",""nativeWasStarted"":false,""stopSucceeded"":true,""appState"":""active"",""ownerGenerationSuffix"":""7a010fcd""}"
qa-mtvixnmb-iim3w848,2026-09-10T12:55:29.200Z,2026-09-10T20:55:29.200+08:00,real_activity_background_task_stopped,tracking,active,real,,,,,,,,,,,,,,,,,,,,,,,,,,,,,,,"{""nativeWasStarted"":false,""stopSucceeded"":true,""appState"":""active"",""ownerGenerationSuffix"":""7a010fcd""}"
qa-mtvixnmb-iim3w848,2026-09-10T12:55:29.211Z,2026-09-10T20:55:29.211+08:00,real_activity_background_drain,tracking,,real,,,,,,,,,,,,,,,,,,,,,,,,,,,,,,,"{""reason"":""foreground-takeover"",""drainedCount"":0,""ordered"":true}"
qa-mtvixnmb-iim3w848,2026-09-10T12:55:29.237Z,2026-09-10T20:55:29.237+08:00,activity_background_authority_v2,tracking,active,real,,,,,,,,,,,,,authorization-refreshed,,,,,,,,,,,,,,,,,,"{""phase"":""authorization-refreshed"",""permissionState"":""foreground-only"",""canAskAgain"":true,""requestAttempted"":false,""appState"":""active"",""foregroundWatcherActive"":false,""backgroundTaskActive"":false,""ownerGenerationSuffix"":""7a010fcd""}"
qa-mtvixnmb-iim3w848,2026-09-10T12:55:29.237Z,2026-09-10T20:55:29.237+08:00,background_location_authorization_refreshed,tracking,,real,,,,,,,,,,,,,,,,,,,,,,,,,,,,,,,"{""permissionState"":""foreground-only"",""canAskAgain"":true,""requestAttempted"":false}"
qa-mtvixnmb-iim3w848,2026-09-10T12:55:29.250Z,2026-09-10T20:55:29.250+08:00,activity_background_authority_v2,tracking,active,real,,,,,,,,,,,,,native-task-stop,,,,,,,,,,,,,,,,,,"{""phase"":""native-task-stop"",""nativeWasStarted"":false,""stopSucceeded"":true,""appState"":""active"",""ownerGenerationSuffix"":""7a010fcd""}"
qa-mtvixnmb-iim3w848,2026-09-10T12:55:29.250Z,2026-09-10T20:55:29.250+08:00,real_activity_background_task_stopped,tracking,active,real,,,,,,,,,,,,,,,,,,,,,,,,,,,,,,,"{""nativeWasStarted"":false,""stopSucceeded"":true,""appState"":""active"",""ownerGenerationSuffix"":""7a010fcd""}"
qa-mtvixnmb-iim3w848,2026-09-10T12:55:29.264Z,2026-09-10T20:55:29.264+08:00,real_activity_foreground_takeover,tracking,,real,,,,,,,,,,,,,completed,,,,,,,,,,,,,,,,,,"{""phase"":""completed"",""drainedCount"":0,""foregroundWatcherActive"":true,""backgroundTaskActive"":false}"
qa-mtvixnmb-iim3w848,2026-09-10T12:55:29.264Z,2026-09-10T20:55:29.264+08:00,real_activity_location_source_activated,tracking,,real,foreground,,,,,,,,,,,,,,,,,,,,,,,,,,,,,,"{""sampleSource"":""foreground"",""requestedIntervalMs"":2000,""requestedDistanceM"":5}"
qa-mtvixnmb-iim3w848,2026-09-10T12:55:29.280Z,2026-09-10T20:55:29.280+08:00,cairn_raw_fix_decision,tracking,active,real,foreground,72,2026-09-10T12:55:29.149Z,13149,13149,131,23.95,7.93,false,,false,ACCEPT,first-trusted-fix,1,,,,,,,acquiring,,da1bb959,,,2026-09-10T12:55:29.312Z,32,163,63,,
qa-mtvixnmb-iim3w848,2026-09-10T12:55:31.237Z,2026-09-10T20:55:31.237+08:00,cairn_raw_fix_decision,tracking,active,real,foreground,73,2026-09-10T12:55:31.149Z,2000,2000,88,18.44,6.52,true,1.86,false,ACCEPT,coherent-motion,1,2000,5.29,2.64,0,,,moving,,da1bb959,,,2026-09-10T12:55:31.289Z,52,140,64,,
qa-mtvixnmb-iim3w848,2026-09-10T12:55:35.076Z,2026-09-10T20:55:35.076+08:00,cairn_raw_fix_decision,tracking,active,real,foreground,74,2026-09-10T12:55:35.001Z,3852,3852,75,13.81,4.25,true,0.16,false,ACCEPT,coherent-motion,0,3852,5.7,1.48,0,15.49,153.71,moving,,da1bb959,46,0,2026-09-10T12:55:35.127Z,51,126,65,,
qa-mtvixnmb-iim3w848,2026-09-10T12:56:00.101Z,2026-09-10T20:56:00.101+08:00,cairn_raw_fix_decision,tracking,active,real,foreground,75,2026-09-10T12:56:00.001Z,25000,25000,100,14.25,11.26,true,0.08,false,ACCEPT,coherent-motion,0,25000,6.51,0.26,0,34.91,66.76,moving,,da1bb959,43,0,2026-09-10T12:56:00.150Z,49,149,66,,
qa-mtvixnmb-iim3w848,2026-09-10T12:56:12.968Z,2026-09-10T20:56:12.968+08:00,activity_telemetry_health_v2,tracking,active,real,,75,,,,,,,,,,,,,,,,,,,,,,,,,,,66,12967,"{""reason"":""periodic-60s"",""expectedRawOrdinalHighWatermark"":75,""retainedObservationDeficit"":0,""retainedDecisionDeficit"":0,""rawPointCount"":75,""canonicalPointCount"":66,""pendingCandidate"":false,""latestAcceptedAgeMs"":12967,""backgroundTaskActive"":false,""appState"":""active"",""retainedEventCount"":449,""retainedBytes"":371641,""retainedCriticalCount"":97,""retainedObservationCount"":75,""retainedDecisionCount"":75,""uploadCount"":8,""consecutiveUploadFailures"":0,""lastUploadAt"":1789044927247}"
qa-mtvixnmb-iim3w848,2026-09-10T12:56:17.099Z,2026-09-10T20:56:17.099+08:00,cairn_raw_fix_decision,tracking,active,real,foreground,76,2026-09-10T12:56:17.000Z,16999,16999,99,18.95,10.57,true,0.49,false,ACCEPT,coherent-motion,0,16999,14.71,0.87,0,,,moving,,da1bb959,,,2026-09-10T12:56:17.142Z,43,142,67,,
qa-mtvixnmb-iim3w848,2026-09-10T12:56:19.101Z,2026-09-10T20:56:19.101+08:00,cairn_raw_fix_decision,tracking,active,real,foreground,77,2026-09-10T12:56:19.000Z,2000,2000,101,14.25,10.24,true,1.27,true,ACCEPT,coherent-motion,0,2000,11.73,5.86,0,13.45,172.61,moving,,da1bb959,,,2026-09-10T12:56:19.149Z,48,149,68,,
qa-mtvixnmb-iim3w848,2026-09-10T12:56:24.094Z,2026-09-10T20:56:24.094+08:00,cairn_raw_fix_decision,tracking,active,real,foreground,78,2026-09-10T12:56:24.000Z,5000,5000,94,14.25,8.89,true,1.26,true,ACCEPT,coherent-motion,0,5000,6.27,1.25,0,31.6,105.96,moving,,da1bb959,,,2026-09-10T12:56:24.147Z,53,147,69,,
qa-mtvixnmb-iim3w848,2026-09-10T12:56:29.099Z,2026-09-10T20:56:29.099+08:00,cairn_raw_fix_decision,tracking,active,real,foreground,79,2026-09-10T12:56:29.000Z,5000,5000,99,14.25,8.14,true,1.18,true,ACCEPT,coherent-motion,0,5000,5.09,1.02,0,1.24,4.05,moving,,da1bb959,,,2026-09-10T12:56:29.150Z,51,150,70,,
qa-mtvixnmb-iim3w848,2026-09-10T12:56:34.104Z,2026-09-10T20:56:34.104+08:00,cairn_raw_fix_decision,tracking,active,real,foreground,80,2026-09-10T12:56:33.999Z,4999,4999,105,14.25,7.98,true,1.55,true,ACCEPT,coherent-motion,0,4999,5.67,1.13,0,1.53,15.11,moving,,da1bb959,,,2026-09-10T12:56:34.147Z,43,148,71,,
qa-mtvixnmb-iim3w848,2026-09-10T12:56:39.099Z,2026-09-10T20:56:39.099+08:00,cairn_raw_fix_decision,tracking,active,real,foreground,81,2026-09-10T12:56:38.999Z,5000,5000,99,14.25,8.66,true,1.59,true,ACCEPT,coherent-motion,1,5000,5.51,1.1,0,1.08,10.98,moving,,da1bb959,,,2026-09-10T12:56:39.149Z,50,150,72,,
qa-mtvixnmb-iim3w848,2026-09-10T12:56:45.096Z,2026-09-10T20:56:45.096+08:00,cairn_raw_fix_decision,tracking,active,real,foreground,82,2026-09-10T12:56:44.999Z,6000,6000,97,14.25,7.95,true,0.81,true,ACCEPT,coherent-motion,0,6000,5.44,0.91,0,7.86,80.83,moving,,da1bb959,40,0,2026-09-10T12:56:45.141Z,45,142,73,,
qa-mtvixnmb-iim3w848,2026-09-10T12:56:46.123Z,2026-09-10T20:56:46.123+08:00,rnmapbox_userlocation_source_snapshot,tracking,,rnmapbox-apple-location-provider,mapbox-userlocation,,2026-09-10T12:56:45.000Z,,,1123,14.245954584810049,,true,0.7154310882493822,,,coalesced-source-observation,,,,,,,,,,,,,,,,,,"{""repeatCount"":7178,""firstObservedAt"":1789044552742,""firstSequenceTimestamp"":1789044549000,""altitudeAvailable"":true}"
qa-mtvixnmb-iim3w848,2026-09-10T12:56:46.138Z,2026-09-10T20:56:46.138+08:00,app_backgrounded,tracking,,real,,,,,,,,,,,,,,,,,,,,,,,,,,,,,,,"{""from"":""active"",""to"":""inactive"",""trackingActive"":true}"
qa-mtvixnmb-iim3w848,2026-09-10T12:56:46.139Z,2026-09-10T20:56:46.139+08:00,app_backgrounded,tracking,inactive,real,,,,,,,,,,,,,,,,,,,,,,,,,,,,,,1140,"{""appState"":""inactive"",""backgroundPermissionState"":""foreground-only"",""cachedBackgroundGranted"":false,""foregroundWatcherActive"":true,""backgroundTaskActive"":false,""latestAcceptedAgeMs"":1140,""ownerGenerationSuffix"":""7a010fcd""}"
qa-mtvixnmb-iim3w848,2026-09-10T12:56:46.184Z,2026-09-10T20:56:46.184+08:00,app_backgrounded,tracking,,real,,,,,,,,,,,,,,,,,,,,,,,,,,,,,,,"{""from"":""inactive"",""to"":""background"",""trackingActive"":true}"
qa-mtvixnmb-iim3w848,2026-09-10T12:56:46.185Z,2026-09-10T20:56:46.185+08:00,app_backgrounded,tracking,background,real,,,,,,,,,,,,,,,,,,,,,,,,,,,,,,1186,"{""appState"":""background"",""backgroundPermissionState"":""foreground-only"",""cachedBackgroundGranted"":false,""foregroundWatcherActive"":false,""backgroundTaskActive"":false,""latestAcceptedAgeMs"":1186,""ownerGenerationSuffix"":""7a010fcd""}"
qa-mtvixnmb-iim3w848,2026-09-10T12:56:46.272Z,2026-09-10T20:56:46.272+08:00,activity_background_authority_v2,tracking,background,real,,,,,,,,,,,,,authorization-refreshed,,,,,,,,,,,,,,,,,,"{""phase"":""authorization-refreshed"",""permissionState"":""foreground-only"",""canAskAgain"":true,""requestAttempted"":false,""appState"":""background"",""foregroundWatcherActive"":false,""backgroundTaskActive"":false,""ownerGenerationSuffix"":""7a010fcd""}"
qa-mtvixnmb-iim3w848,2026-09-10T12:56:46.272Z,2026-09-10T20:56:46.272+08:00,background_location_authorization_refreshed,tracking,,real,,,,,,,,,,,,,,,,,,,,,,,,,,,,,,,"{""permissionState"":""foreground-only"",""canAskAgain"":true,""requestAttempted"":false}"
qa-mtvixnmb-iim3w848,2026-09-10T12:56:46.316Z,2026-09-10T20:56:46.316+08:00,activity_background_authority_v2,tracking,background,real,,,,,,,,,,,,,native-task-stop,,,,,,,,,,,,,,,,,,"{""phase"":""native-task-stop"",""nativeWasStarted"":false,""stopSucceeded"":true,""appState"":""background"",""ownerGenerationSuffix"":""7a010fcd""}"
qa-mtvixnmb-iim3w848,2026-09-10T12:56:46.316Z,2026-09-10T20:56:46.316+08:00,real_activity_background_source_unavailable,tracking,,real,,,,,,,,,,,,,background-permission-not-granted,,,,,,,,,,,,,,,,,,"{""unavailableReason"":""background-permission-not-granted""}"
qa-mtvixnmb-iim3w848,2026-09-10T12:56:46.316Z,2026-09-10T20:56:46.316+08:00,real_activity_background_task_stopped,tracking,background,real,,,,,,,,,,,,,,,,,,,,,,,,,,,,,,,"{""nativeWasStarted"":false,""stopSucceeded"":true,""appState"":""background"",""ownerGenerationSuffix"":""7a010fcd""}"
qa-mtvixnmb-iim3w848,2026-09-10T12:56:46.354Z,2026-09-10T20:56:46.354+08:00,activity_recording_gap_opened,tracking,,real,,,,,,,,,,,,,background-provider-unavailable,,,,,,,,,,04b739a4,,,,,,,,"{""gapReason"":""background-provider-unavailable"",""previousSegmentId"":""da1bb959"",""nextSegmentId"":""04b739a4""}"
qa-mtvixnmb-iim3w848,2026-09-10T12:56:46.354Z,2026-09-10T20:56:46.354+08:00,activity_segment_decision_v2,tracking,,real,,,,,,,,,,,,new-segment,background-provider-unavailable,,,,,,,,,,04b739a4,,,,,,,,"{""decision"":""new-segment"",""trigger"":""background-provider-unavailable"",""previousSegmentId"":""da1bb959"",""nextSegmentId"":""04b739a4"",""continuityAllowed"":false,""distanceContributionM"":0,""elevationContributionM"":0,""memoryBridgeAllowed"":false}"
qa-mtvixnmb-iim3w848,2026-09-10T12:56:46.371Z,2026-09-10T20:56:46.371+08:00,activity_background_authority_v2,tracking,background,real,,,,,,,,,,,,,authorization-refreshed,,,,,,,,,,,,,,,,,,"{""phase"":""authorization-refreshed"",""permissionState"":""foreground-only"",""canAskAgain"":true,""requestAttempted"":false,""appState"":""background"",""foregroundWatcherActive"":false,""backgroundTaskActive"":false,""ownerGenerationSuffix"":""7a010fcd""}"
qa-mtvixnmb-iim3w848,2026-09-10T12:56:46.371Z,2026-09-10T20:56:46.371+08:00,background_location_authorization_refreshed,tracking,,real,,,,,,,,,,,,,,,,,,,,,,,,,,,,,,,"{""permissionState"":""foreground-only"",""canAskAgain"":true,""requestAttempted"":false}"
qa-mtvixnmb-iim3w848,2026-09-10T12:56:46.385Z,2026-09-10T20:56:46.385+08:00,activity_background_authority_v2,tracking,background,real,,,,,,,,,,,,,native-task-stop,,,,,,,,,,,,,,,,,,"{""phase"":""native-task-stop"",""nativeWasStarted"":false,""stopSucceeded"":true,""appState"":""background"",""ownerGenerationSuffix"":""7a010fcd""}"
qa-mtvixnmb-iim3w848,2026-09-10T12:56:46.385Z,2026-09-10T20:56:46.385+08:00,real_activity_background_source_unavailable,tracking,,real,,,,,,,,,,,,,background-permission-not-granted,,,,,,,,,,,,,,,,,,"{""unavailableReason"":""background-permission-not-granted""}"
qa-mtvixnmb-iim3w848,2026-09-10T12:56:46.385Z,2026-09-10T20:56:46.385+08:00,real_activity_background_task_stopped,tracking,background,real,,,,,,,,,,,,,,,,,,,,,,,,,,,,,,,"{""nativeWasStarted"":false,""stopSucceeded"":true,""appState"":""background"",""ownerGenerationSuffix"":""7a010fcd""}"
qa-mtvixnmb-iim3w848,2026-09-10T12:57:41.275Z,2026-09-10T20:57:41.275+08:00,activity_telemetry_health_v2,tracking,background,real,,82,,,,,,,,,,,,,,,,,,,,,,,,,,,73,56276,"{""reason"":""periodic-60s"",""expectedRawOrdinalHighWatermark"":82,""retainedObservationDeficit"":0,""retainedDecisionDeficit"":0,""rawPointCount"":82,""canonicalPointCount"":73,""pendingCandidate"":false,""latestAcceptedAgeMs"":56276,""backgroundTaskActive"":false,""appState"":""background"",""retainedEventCount"":504,""retainedBytes"":415734,""retainedCriticalCount"":116,""retainedObservationCount"":82,""retainedDecisionCount"":82,""uploadCount"":9,""consecutiveUploadFailures"":0,""lastUploadAt"":1789045006371}"
qa-mtvixnmb-iim3w848,2026-09-10T12:57:42.021Z,2026-09-10T20:57:42.021+08:00,app_foregrounded,tracking,active,real,,,,,,,,,,,,,,,,,,,,,,,,,,,,,,57022,"{""appState"":""active"",""backgroundPermissionState"":""foreground-only"",""cachedBackgroundGranted"":false,""foregroundWatcherActive"":false,""backgroundTaskActive"":false,""latestAcceptedAgeMs"":57022,""ownerGenerationSuffix"":""7a010fcd""}"
qa-mtvixnmb-iim3w848,2026-09-10T12:57:42.100Z,2026-09-10T20:57:42.100+08:00,rnmapbox_userlocation_source_snapshot,tracking,,rnmapbox-apple-location-provider,mapbox-userlocation,,2026-09-10T12:57:42.000Z,,,100,27.927312558221928,,false,-1,,,coalesced-source-observation,,,,,,,,,,,,,,,,,,"{""repeatCount"":4,""firstObservedAt"":1789045062060,""firstSequenceTimestamp"":1789045061000,""altitudeAvailable"":true}"
qa-mtvixnmb-iim3w848,2026-09-10T12:57:44.028Z,2026-09-10T20:57:44.028+08:00,real_activity_foreground_takeover,tracking,active,real,,,,,,,,,,,,,started,,,,,,,,,,,,,,,,,59029,"{""phase"":""started"",""appState"":""active"",""backgroundTaskActive"":false,""latestAcceptedAgeMs"":59029}"
qa-mtvixnmb-iim3w848,2026-09-10T12:57:44.056Z,2026-09-10T20:57:44.056+08:00,activity_background_authority_v2,tracking,active,real,,,,,,,,,,,,,native-task-stop,,,,,,,,,,,,,,,,,,"{""phase"":""native-task-stop"",""nativeWasStarted"":false,""stopSucceeded"":true,""appState"":""active"",""ownerGenerationSuffix"":""7a010fcd""}"
qa-mtvixnmb-iim3w848,2026-09-10T12:57:44.056Z,2026-09-10T20:57:44.056+08:00,real_activity_background_task_stopped,tracking,active,real,,,,,,,,,,,,,,,,,,,,,,,,,,,,,,,"{""nativeWasStarted"":false,""stopSucceeded"":true,""appState"":""active"",""ownerGenerationSuffix"":""7a010fcd""}"
qa-mtvixnmb-iim3w848,2026-09-10T12:57:44.068Z,2026-09-10T20:57:44.068+08:00,real_activity_background_drain,tracking,,real,,,,,,,,,,,,,,,,,,,,,,,,,,,,,,,"{""reason"":""foreground-takeover"",""drainedCount"":0,""ordered"":true}"
qa-mtvixnmb-iim3w848,2026-09-10T12:57:44.087Z,2026-09-10T20:57:44.087+08:00,activity_background_authority_v2,tracking,active,real,,,,,,,,,,,,,authorization-refreshed,,,,,,,,,,,,,,,,,,"{""phase"":""authorization-refreshed"",""permissionState"":""foreground-only"",""canAskAgain"":true,""requestAttempted"":false,""appState"":""active"",""foregroundWatcherActive"":false,""backgroundTaskActive"":false,""ownerGenerationSuffix"":""7a010fcd""}"
qa-mtvixnmb-iim3w848,2026-09-10T12:57:44.087Z,2026-09-10T20:57:44.087+08:00,background_location_authorization_refreshed,tracking,,real,,,,,,,,,,,,,,,,,,,,,,,,,,,,,,,"{""permissionState"":""foreground-only"",""canAskAgain"":true,""requestAttempted"":false}"
qa-mtvixnmb-iim3w848,2026-09-10T12:57:44.103Z,2026-09-10T20:57:44.103+08:00,activity_background_authority_v2,tracking,active,real,,,,,,,,,,,,,native-task-stop,,,,,,,,,,,,,,,,,,"{""phase"":""native-task-stop"",""nativeWasStarted"":false,""stopSucceeded"":true,""appState"":""active"",""ownerGenerationSuffix"":""7a010fcd""}"
qa-mtvixnmb-iim3w848,2026-09-10T12:57:44.103Z,2026-09-10T20:57:44.103+08:00,real_activity_background_task_stopped,tracking,active,real,,,,,,,,,,,,,,,,,,,,,,,,,,,,,,,"{""nativeWasStarted"":false,""stopSucceeded"":true,""appState"":""active"",""ownerGenerationSuffix"":""7a010fcd""}"
qa-mtvixnmb-iim3w848,2026-09-10T12:57:44.120Z,2026-09-10T20:57:44.120+08:00,real_activity_foreground_takeover,tracking,,real,,,,,,,,,,,,,completed,,,,,,,,,,,,,,,,,,"{""phase"":""completed"",""drainedCount"":0,""foregroundWatcherActive"":true,""backgroundTaskActive"":false}"
qa-mtvixnmb-iim3w848,2026-09-10T12:57:44.120Z,2026-09-10T20:57:44.120+08:00,real_activity_location_source_activated,tracking,,real,foreground,,,,,,,,,,,,,,,,,,,,,,,,,,,,,,"{""sampleSource"":""foreground"",""requestedIntervalMs"":2000,""requestedDistanceM"":5}"
qa-mtvixnmb-iim3w848,2026-09-10T12:57:44.142Z,2026-09-10T20:57:44.142+08:00,cairn_raw_fix_decision,tracking,active,real,foreground,83,2026-09-10T12:57:42.081Z,57082,,2061,27.93,30,false,,false,REJECT,poor-horizontal-accuracy,1,,,,,,,acquiring,,04b739a4,,,,,,,,
qa-mtvixnmb-iim3w848,2026-09-10T12:57:45.744Z,2026-09-10T20:57:45.744+08:00,cairn_raw_fix_decision,tracking,active,real,foreground,84,2026-09-10T12:57:45.459Z,3378,60460,285,24.84,30,false,,false,ACCEPT,first-trusted-fix,0,,,,,,,acquiring,,04b739a4,,,2026-09-10T12:57:45.798Z,54,339,74,,
qa-mtvixnmb-iim3w848,2026-09-10T12:57:51.779Z,2026-09-10T20:57:51.779+08:00,cairn_raw_fix_decision,tracking,active,real,foreground,85,2026-09-10T12:57:51.723Z,6264,6264,56,15.91,30,false,,false,ACCEPT,coherent-motion,0,6264,13.05,2.08,0,,,moving,,04b739a4,64,0,2026-09-10T12:57:51.849Z,70,126,75,,
qa-mtvixnmb-iim3w848,2026-09-10T12:58:00.485Z,2026-09-10T20:58:00.485+08:00,app_backgrounded,tracking,inactive,real,,,,,,,,,,,,,,,,,,,,,,,,,,,,,,8762,"{""appState"":""inactive"",""backgroundPermissionState"":""foreground-only"",""cachedBackgroundGranted"":false,""foregroundWatcherActive"":true,""backgroundTaskActive"":false,""latestAcceptedAgeMs"":8762,""ownerGenerationSuffix"":""7a010fcd""}"
qa-mtvixnmb-iim3w848,2026-09-10T12:58:00.514Z,2026-09-10T20:58:00.514+08:00,activity_background_authority_v2,tracking,inactive,real,,,,,,,,,,,,,authorization-refreshed,,,,,,,,,,,,,,,,,,"{""phase"":""authorization-refreshed"",""permissionState"":""foreground-only"",""canAskAgain"":true,""requestAttempted"":false,""appState"":""inactive"",""foregroundWatcherActive"":false,""backgroundTaskActive"":false,""ownerGenerationSuffix"":""7a010fcd""}"
qa-mtvixnmb-iim3w848,2026-09-10T12:58:00.514Z,2026-09-10T20:58:00.514+08:00,background_location_authorization_refreshed,tracking,,real,,,,,,,,,,,,,,,,,,,,,,,,,,,,,,,"{""permissionState"":""foreground-only"",""canAskAgain"":true,""requestAttempted"":false}"
qa-mtvixnmb-iim3w848,2026-09-10T12:58:00.530Z,2026-09-10T20:58:00.530+08:00,activity_background_authority_v2,tracking,inactive,real,,,,,,,,,,,,,native-task-stop,,,,,,,,,,,,,,,,,,"{""phase"":""native-task-stop"",""nativeWasStarted"":false,""stopSucceeded"":true,""appState"":""inactive"",""ownerGenerationSuffix"":""7a010fcd""}"
qa-mtvixnmb-iim3w848,2026-09-10T12:58:00.530Z,2026-09-10T20:58:00.530+08:00,real_activity_background_source_unavailable,tracking,,real,,,,,,,,,,,,,background-permission-not-granted,,,,,,,,,,,,,,,,,,"{""unavailableReason"":""background-permission-not-granted""}"
qa-mtvixnmb-iim3w848,2026-09-10T12:58:00.530Z,2026-09-10T20:58:00.530+08:00,real_activity_background_task_stopped,tracking,inactive,real,,,,,,,,,,,,,,,,,,,,,,,,,,,,,,,"{""nativeWasStarted"":false,""stopSucceeded"":true,""appState"":""inactive"",""ownerGenerationSuffix"":""7a010fcd""}"
qa-mtvixnmb-iim3w848,2026-09-10T12:58:00.569Z,2026-09-10T20:58:00.569+08:00,rnmapbox_userlocation_source_snapshot,tracking,,rnmapbox-apple-location-provider,mapbox-userlocation,,2026-09-10T12:58:00.000Z,,,569,14.017110551793628,,false,-1,,,coalesced-source-observation,,,,,,,,,,,,,,,,,,"{""repeatCount"":119,""firstObservedAt"":1789045062060,""firstSequenceTimestamp"":1789045061000,""altitudeAvailable"":true}"
qa-mtvixnmb-iim3w848,2026-09-10T12:58:00.573Z,2026-09-10T20:58:00.573+08:00,activity_recording_gap_opened,tracking,,real,,,,,,,,,,,,,background-provider-unavailable,,,,,,,,,,c3802fca,,,,,,,,"{""gapReason"":""background-provider-unavailable"",""previousSegmentId"":""04b739a4"",""nextSegmentId"":""c3802fca""}"
qa-mtvixnmb-iim3w848,2026-09-10T12:58:00.573Z,2026-09-10T20:58:00.573+08:00,activity_segment_decision_v2,tracking,,real,,,,,,,,,,,,new-segment,background-provider-unavailable,,,,,,,,,,c3802fca,,,,,,,,"{""decision"":""new-segment"",""trigger"":""background-provider-unavailable"",""previousSegmentId"":""04b739a4"",""nextSegmentId"":""c3802fca"",""continuityAllowed"":false,""distanceContributionM"":0,""elevationContributionM"":0,""memoryBridgeAllowed"":false}"
